EmployeeID,EmployeeName,Category,Function,Grade,Groups,City,Country,conca,countrycode,Gender,BirthDate,AppointmentDate,MonthNumber,Month,Quarter,Year,ConfirmationDate,Confirmed,RetirementDate,ConfirmationDueDate,FTECount,Count
400056355,Emp001,Contract,Commercial,7,7,Karachi,Pakistan,"Karachi, Pakistan",PK,M,12/19/1995,11/12/2018,11,Nov,Q4,2018,1/1/1900,N,11/22/2076,2/12/2019,0,1
400056355,Emp002,Permanent,Commercial,7,7,Karachi,Pakistan,"Karachi, Pakistan",PK,M,11/6/1986,12/26/2016,12,Dec,Q4,2016,3/25/2017,Y,11/6/2046,3/25/2017,1,1
400077361,Emp003,Permanent,Operations,9,9,Karachi,Pakistan,"Karachi, Pakistan",PK,M,8/14/1959,4/1/1982,4,Apr,Q2,1982,7/10/1982,Y,8/14/2019,7/10/1982,1,1
400077365,Emp004,Permanent,Operations,8,8,Lahore,Pakistan,"Lahore, Pakistan",PK,M,12/22/1963,10/15/1983,10,Oct,Q4,1983,1/15/1984,Y,12/22/2023,1/15/1984,1,1
400077368,Emp005,Permanent,Operations,9,9,Karachi,Pakistan,"Karachi, Pakistan",PK,M,5/27/1964,9/9/1984,9,Sep,Q3,1984,12/9/1984,Y,5/27/2024,12/9/1984,1,1
400077369,Emp006,Permanent,Commercial,7,7,Karachi,Pakistan,"Karachi, Pakistan",PK,M,10/8/1962,3/1/1985,3,Mar,Q1,1985,6/1/1985,Y,10/8/2022,6/1/1985,1,1
400077371,Emp007,Permanent,Commercial,7,7,Karachi,Pakistan,"Karachi, Pakistan",PK,M,1/19/1964,7/7/1985,7,Jul,Q3,1985,10/7/1985,Y,1/19/2024,10/7/1985,1,1
400077374,Emp008,Permanent,Finance,10,10,Karachi,Pakistan,"Karachi, Pakistan",PK,M,3/1/1960,11/20/1985,11,Nov,Q4,1985,2/20/1986,Y,3/1/2020,2/20/1986,1,1
400077375,Emp009,Permanent,Operations,10,10,Islamabad,Pakistan,"Islamabad, Pakistan",PK,M,1/12/1962,1/16/1986,1,Jan,Q1,1986,4/16/1986,Y,1/12/2022,4/16/1986,1,1
400077380,Emp010,Permanent,Finance,8,8,Karachi,Pakistan,"Karachi, Pakistan",PK,F,9/10/1966,2/21/1987,2,Feb,Q1,1987,5/21/1987,Y,9/10/2026,5/21/1987,1,1
400077386,Emp011,Permanent,Operations,9,9,Karachi,Pakistan,"Karachi, Pakistan",PK,M,12/5/1966,1/1/1989,1,Jan,Q1,1989,4/1/1989,Y,12/5/2026,4/1/1989,1,1
400077387,Emp012,Permanent,Operations,5,5,Karachi,Pakistan,"Karachi, Pakistan",PK,M,7/3/1970,12/1/1989,12,Dec,Q4,1989,3/1/1990,Y,7/3/2030,3/1/1990,1,1
400077389,Emp013,Permanent,Operations,5,5,Karachi,Pakistan,"Karachi, Pakistan",PK,M,2/1/1965,1/17/1990,1,Jan,Q1,1990,4/17/1990,Y,2/1/2025,4/17/1990,1,1
400077393,Emp014,Permanent,Operations,L,L,Faisalabad,Pakistan,"Faisalabad, Pakistan",PK,M,11/15/1965,12/1/1990,12,Dec,Q4,1990,3/1/1991,Y,11/15/2025,3/1/1991,1,1
400077395,Emp015,Permanent,Operations,7,7,Karachi,Pakistan,"Karachi, Pakistan",PK,M,10/9/1964,6/8/1991,6,Jun,Q2,1991,9/8/1991,Y,9/12/2024,9/8/1991,1,1
400077400,Emp016,Permanent,Commercial,7,7,Karachi,Pakistan,"Karachi, Pakistan",PK,M,1/14/1970,8/12/1991,8,Aug,Q3,1991,11/12/1991,Y,1/14/2030,11/12/1991,1,1
400077401,Emp017,Permanent,Operations,6,6,Karachi,Pakistan,"Karachi, Pakistan",PK,M,10/16/1964,12/14/1991,12,Dec,Q4,1991,3/14/1992,Y,10/16/2024,3/14/1992,1,1
400077403,Emp018,Permanent,Operations,5,5,Karachi,Pakistan,"Karachi, Pakistan",PK,M,11/4/1968,1/18/1992,1,Jan,Q1,1992,4/18/1992,Y,11/4/2028,4/18/1992,1,1
400077404,Emp019,Permanent,Operations,6,6,Karachi,Pakistan,"Karachi, Pakistan",PK,M,2/2/1969,2/6/1992,2,Feb,Q1,1992,5/6/1992,Y,2/2/2029,5/6/1992,1,1
400077405,Emp020,Permanent,Operations,6,6,Karachi,Pakistan,"Karachi, Pakistan",PK,M,1/15/1967,2/24/1992,2,Feb,Q1,1992,5/24/1992,Y,1/15/2027,5/24/1992,1,1
400077406,Emp021,Permanent,Operations,6,6,Karachi,Pakistan,"Karachi, Pakistan",PK,M,4/13/1970,2/20/1992,2,Feb,Q1,1992,5/20/1992,Y,4/13/2030,5/20/1992,1,1
400077408,Emp022,Permanent,Operations,6,6,Karachi,Pakistan,"Karachi, Pakistan",PK,M,3/21/1964,3/9/1992,3,Mar,Q1,1992,6/9/1992,Y,3/21/2024,6/9/1992,1,1
400077413,Emp023,Permanent,Operations,7,7,Karachi,Pakistan,"Karachi, Pakistan",PK,M,7/22/1965,9/16/1992,9,Sep,Q3,1992,12/16/1992,Y,7/22/2025,12/16/1992,1,1
400077415,Emp024,Permanent,Finance,9,9,Islamabad,Pakistan,"Islamabad, Pakistan",PK,M,2/6/1974,9/16/1992,9,Sep,Q3,1992,12/16/1992,Y,2/6/2034,12/16/1992,1,1
400077416,Emp025,Permanent,Operations,5,5,Karachi,Pakistan,"Karachi, Pakistan",PK,M,11/11/1961,9/22/1992,9,Sep,Q3,1992,12/22/1992,Y,11/11/2021,12/22/1992,1,1
400077421,Emp026,Permanent,Finance,L,L,Lahore,Pakistan,"Lahore, Pakistan",PK,M,4/28/1967,4/6/1993,4,Apr,Q2,1993,7/6/1993,Y,4/28/2027,7/6/1993,1,1
400077422,Emp027,Permanent,Finance,8,8,Faisalabad,Pakistan,"Faisalabad, Pakistan",PK,F,4/12/1971,12/1/1993,12,Dec,Q4,1993,3/1/1994,Y,4/12/2031,3/1/1994,1,1
400077425,Emp028,Permanent,Commercial,7,7,Lahore,Pakistan,"Lahore, Pakistan",PK,M,3/14/1964,1/1/1994,1,Jan,Q1,1994,4/1/1994,Y,3/14/2024,4/1/1994,1,1
400077427,Emp029,Permanent,Operations,6,6,Karachi,Pakistan,"Karachi, Pakistan",PK,M,8/18/1970,6/5/1993,6,Jun,Q2,1993,9/5/1993,Y,8/18/2030,9/5/1993,1,1
400077430,Emp030,Permanent,Operations,7,7,Karachi,Pakistan,"Karachi, Pakistan",PK,M,5/18/1969,6/1/1994,6,Jun,Q2,1994,6/1/1994,Y,5/18/2029,6/1/1994,1,1
400077431,Emp031,Permanent,Finance,8,8,Karachi,Pakistan,"Karachi, Pakistan",PK,M,5/26/1962,11/14/1994,11,Nov,Q4,1994,2/14/1995,Y,5/26/2022,2/14/1995,1,1
400077434,Emp032,Permanent,Operations,8,8,Islamabad,Pakistan,"Islamabad, Pakistan",PK,M,12/16/1974,2/20/1995,2,Feb,Q1,1995,5/20/1995,Y,12/16/2034,5/20/1995,1,1
400077435,Emp033,Permanent,Operations,K,K,Karachi,Pakistan,"Karachi, Pakistan",PK,M,1/4/1976,2/1/1995,2,Feb,Q1,1995,5/1/1995,Y,1/4/2036,5/1/1995,1,1
400077437,Emp034,Permanent,Operations,8,8,Lahore,Pakistan,"Lahore, Pakistan",PK,M,2/15/1972,5/2/1995,5,May,Q2,1995,8/2/1995,Y,2/15/2032,8/2/1995,1,1
400077441,Emp035,Permanent,Operations,10,10,Sialkot,Pakistan,"Sialkot, Pakistan",PK,M,11/10/1968,6/1/1995,6,Jun,Q2,1995,9/1/1995,Y,11/10/2028,9/1/1995,1,1
400077444,Emp036,Permanent,Commercial,7,7,Multan,Pakistan,"Multan, Pakistan",PK,M,11/10/1965,10/1/1995,10,Oct,Q4,1995,1/1/1996,Y,11/10/2025,1/1/1996,1,1
400077445,Emp037,Permanent,Operations,10,10,Lahore,Pakistan,"Lahore, Pakistan",PK,M,7/31/1971,4/1/1996,4,Apr,Q2,1996,7/1/1996,Y,7/31/2031,7/1/1996,1,1
400077446,Emp038,Permanent,Operations,9,9,Gujranwala,Pakistan,"Gujranwala, Pakistan",PK,M,3/24/1967,10/7/1995,10,Oct,Q4,1995,1/7/1996,Y,3/24/2027,1/7/1996,1,1
400077448,Emp039,Permanent,Finance,L,L,Sialkot,Pakistan,"Sialkot, Pakistan",PK,M,1/1/1965,10/1/1995,10,Oct,Q4,1995,1/1/1996,Y,1/1/2025,1/1/1996,1,1
400077451,Emp040,Permanent,Operations,L,L,Islamabad,Pakistan,"Islamabad, Pakistan",PK,M,3/26/1972,1/1/1996,1,Jan,Q1,1996,4/1/1996,Y,3/26/2032,4/1/1996,1,1
400077452,Emp041,Permanent,Commercial,K,K,Sialkot,Pakistan,"Sialkot, Pakistan",PK,M,11/29/1974,1/1/1996,1,Jan,Q1,1996,4/1/1996,Y,11/29/2034,4/1/1996,1,1
400077455,Emp042,Permanent,Operations,7,7,Karachi,Pakistan,"Karachi, Pakistan",PK,M,7/18/1968,2/6/1996,2,Feb,Q1,1996,5/6/1996,Y,7/18/2028,5/6/1996,1,1
400077456,Emp043,Permanent,Operations,7,7,Karachi,Pakistan,"Karachi, Pakistan",PK,M,9/6/1972,2/1/1996,2,Feb,Q1,1996,5/1/1996,Y,9/6/2032,5/1/1996,1,1
400077458,Emp044,Permanent,Finance,8,8,Karachi,Pakistan,"Karachi, Pakistan",PK,M,12/25/1963,3/4/1996,3,Mar,Q1,1996,6/4/1996,Y,12/25/2023,6/4/1996,1,1
400077460,Emp045,Permanent,Operations,6,6,Islamabad,Pakistan,"Islamabad, Pakistan",PK,M,1/4/1964,3/10/1996,3,Mar,Q1,1996,6/10/1996,Y,1/4/2024,6/10/1996,1,1
400077461,Emp046,Permanent,Operations,6,6,Karachi,Pakistan,"Karachi, Pakistan",PK,M,1/9/1960,3/16/1996,3,Mar,Q1,1996,6/16/1996,Y,1/9/2020,6/16/1996,1,1
400077463,Emp047,Permanent,Finance,8,8,Karachi,Pakistan,"Karachi, Pakistan",PK,M,12/25/1972,10/1/1995,10,Oct,Q4,1995,1/1/1996,Y,12/25/2032,1/1/1996,1,1
400077464,Emp048,Permanent,Operations,9,9,Lahore,Pakistan,"Lahore, Pakistan",PK,F,9/29/1965,4/1/1996,4,Apr,Q2,1996,7/1/1996,Y,9/29/2025,7/1/1996,1,1
400077465,Emp049,Permanent,Commercial,10,10,Karachi,Pakistan,"Karachi, Pakistan",PK,M,3/12/1970,4/1/1996,4,Apr,Q2,1996,7/1/1996,Y,3/12/2030,7/1/1996,1,1
400077468,Emp050,Permanent,Administration,9,9,Lahore,Pakistan,"Lahore, Pakistan",PK,F,8/31/1979,4/16/1996,4,Apr,Q2,1996,7/16/1996,Y,8/31/2039,7/16/1996,1,1
400077469,Emp051,Permanent,Operations,6,6,Lahore,Pakistan,"Lahore, Pakistan",PK,M,1/1/1972,5/2/1996,5,May,Q2,1996,8/2/1996,Y,1/1/2032,8/2/1996,1,1
400077470,Emp052,Permanent,Operations,6,6,Faisalabad,Pakistan,"Faisalabad, Pakistan",PK,M,11/11/1971,5/22/1996,5,May,Q2,1996,8/22/1996,Y,11/11/2031,8/22/1996,1,1
400077474,Emp053,Permanent,Finance,7,7,Lahore,Pakistan,"Lahore, Pakistan",PK,M,9/1/1971,6/1/1996,6,Jun,Q2,1996,6/1/1996,Y,9/1/2031,6/1/1996,1,1
400077475,Emp054,Permanent,Commercial,7,7,Karachi,Pakistan,"Karachi, Pakistan",PK,M,5/31/1972,6/6/1996,6,Jun,Q2,1996,6/6/1996,Y,5/31/2032,6/6/1996,1,1
400077476,Emp055,Permanent,Operations,6,6,Karachi,Pakistan,"Karachi, Pakistan",PK,M,5/9/1971,6/16/1996,6,Jun,Q2,1996,6/16/1996,Y,5/9/2031,6/16/1996,1,1
400077482,Emp056,Permanent,Operations,7,7,Lahore,Pakistan,"Lahore, Pakistan",PK,M,2/10/1976,7/16/1996,7,Jul,Q3,1996,10/16/1996,Y,2/10/2036,10/16/1996,1,1
400077483,Emp057,Permanent,Operations,6,6,Lahore,Pakistan,"Lahore, Pakistan",PK,M,8/10/1975,8/1/1996,8,Aug,Q3,1996,11/1/1996,Y,8/10/2035,11/1/1996,1,1
400077488,Emp058,Permanent,Finance,8,8,Karachi,Pakistan,"Karachi, Pakistan",PK,M,3/16/1967,7/1/1996,7,Jul,Q3,1996,7/1/1996,Y,3/16/2027,7/1/1996,1,1
400077490,Emp059,Permanent,Operations,5,5,Karachi,Pakistan,"Karachi, Pakistan",PK,M,1/6/1969,10/1/1996,10,Oct,Q4,1996,10/1/1996,Y,1/6/2029,10/1/1996,1,1
400077491,Emp060,Permanent,Operations,6,6,Karachi,Pakistan,"Karachi, Pakistan",PK,M,9/12/1961,10/27/1996,10,Oct,Q4,1996,10/27/1996,Y,9/12/2021,10/27/1996,1,1
400077492,Emp061,Permanent,Finance,I,I,Karachi,Pakistan,"Karachi, Pakistan",PK,M,12/30/1971,11/6/1996,11,Nov,Q4,1996,11/6/1996,Y,12/30/2031,11/6/1996,1,1
400077501,Emp062,Permanent,Information Services,10,10,Karachi,Pakistan,"Karachi, Pakistan",PK,M,10/19/1971,6/2/1997,6,Jun,Q2,1997,10/2/1997,Y,10/19/2031,10/2/1997,1,1
400077502,Emp063,Permanent,Operations,6,6,Sialkot,Pakistan,"Sialkot, Pakistan",PK,M,8/4/1973,6/2/1997,6,Jun,Q2,1997,6/2/1997,Y,8/4/2033,6/2/1997,1,1
400077504,Emp064,Permanent,Operations,6,6,Islamabad,Pakistan,"Islamabad, Pakistan",PK,M,8/14/1978,7/1/1997,7,Jul,Q3,1997,10/1/1997,Y,8/14/2038,10/1/1997,1,1
400077505,Emp065,Permanent,Commercial,7,7,Multan,Pakistan,"Multan, Pakistan",PK,M,11/6/1974,7/9/1997,7,Jul,Q3,1997,10/9/1997,Y,11/6/2034,10/9/1997,1,1
400077506,Emp066,Permanent,Operations,I,I,Karachi,Pakistan,"Karachi, Pakistan",PK,M,12/8/1966,10/3/1997,10,Oct,Q4,1997,1/3/1998,Y,12/8/2026,1/3/1998,1,1
400077509,Emp067,Permanent,Information Services,H,H,Karachi,Pakistan,"Karachi, Pakistan",PK,M,5/31/1962,11/1/1997,11,Nov,Q4,1997,2/5/1997,Y,5/31/2022,2/5/1997,1,1
400077511,Emp068,Permanent,Operations,5,5,Karachi,Pakistan,"Karachi, Pakistan",PK,M,12/30/1968,12/1/1997,12,Dec,Q4,1997,3/1/1998,Y,12/30/2028,3/1/1998,1,1
400077512,Emp069,Permanent,Operations,5,5,Karachi,Pakistan,"Karachi, Pakistan",PK,M,7/1/1974,12/1/1997,12,Dec,Q4,1997,3/1/1998,Y,7/1/2034,3/1/1998,1,1
400077513,Emp070,Permanent,Operations,5,5,Karachi,Pakistan,"Karachi, Pakistan",PK,M,7/2/1979,3/1/1997,3,Mar,Q1,1997,3/1/1998,Y,7/2/2039,3/1/1998,1,1
400077514,Emp071,Permanent,Operations,6,6,Karachi,Pakistan,"Karachi, Pakistan",PK,M,1/7/1965,1/1/1998,1,Jan,Q1,1998,3/1/1998,Y,1/7/2025,3/1/1998,1,1
400077515,Emp072,Permanent,Operations,7,7,Karachi,Pakistan,"Karachi, Pakistan",PK,M,4/6/1964,1/9/1998,1,Jan,Q1,1998,3/9/1998,Y,4/6/2024,3/9/1998,1,1
400077516,Emp073,Permanent,Operations,6,6,Karachi,Pakistan,"Karachi, Pakistan",PK,M,4/24/1959,1/13/1998,1,Jan,Q1,1998,3/13/1998,Y,4/24/2019,3/13/1998,1,1
400077519,Emp074,Permanent,Customer Service,9,9,Karachi,Pakistan,"Karachi, Pakistan",PK,F,3/18/1977,6/15/1998,6,Jun,Q2,1998,9/15/1998,Y,3/18/2037,9/15/1998,1,1
400077520,Emp075,Permanent,Finance,8,8,Lahore,Pakistan,"Lahore, Pakistan",PK,M,10/24/1973,7/7/1998,7,Jul,Q3,1998,10/7/1998,Y,10/24/2033,10/7/1998,1,1
400077526,Emp076,Permanent,Operations,8,8,Islamabad,Pakistan,"Islamabad, Pakistan",PK,M,3/14/1969,1/25/1999,1,Jan,Q1,1999,4/25/1999,Y,3/14/2029,4/25/1999,1,1
400077527,Emp077,Permanent,Operations,6,6,Lahore,Pakistan,"Lahore, Pakistan",PK,M,1/1/1976,2/16/1999,2,Feb,Q1,1999,5/16/1999,Y,1/1/2036,5/16/1999,1,1
400077531,Emp078,Permanent,Operations,6,6,Peshawar,Pakistan,"Peshawar, Pakistan",PK,M,9/4/1977,6/25/1999,6,Jun,Q2,1999,9/25/1999,Y,9/4/2037,9/25/1999,1,1
400077532,Emp079,Permanent,Operations,6,6,Karachi,Pakistan,"Karachi, Pakistan",PK,M,8/10/1976,7/1/1999,7,Jul,Q3,1999,10/1/1999,Y,8/10/2036,10/1/1999,1,1
400077533,Emp080,Permanent,Operations,6,6,Karachi,Pakistan,"Karachi, Pakistan",PK,M,1/11/1963,6/22/1999,6,Jun,Q2,1999,10/1/1999,Y,1/11/2023,10/1/1999,1,1
400077534,Emp081,Permanent,Operations,6,6,Lahore,Pakistan,"Lahore, Pakistan",PK,M,5/12/1976,7/1/1999,7,Jul,Q3,1999,10/1/1999,Y,5/12/2036,10/1/1999,1,1
400077535,Emp082,Permanent,Operations,9,9,Karachi,Pakistan,"Karachi, Pakistan",PK,M,4/1/1973,9/1/1999,9,Sep,Q3,1999,11/30/1999,Y,4/1/2033,11/30/1999,1,1
400077536,Emp083,Permanent,Operations,6,6,Hyderabad,Pakistan,"Hyderabad, Pakistan",PK,M,12/4/1970,9/1/1999,9,Sep,Q3,1999,12/1/1999,Y,12/4/2030,12/1/1999,1,1
400077540,Emp084,Permanent,Commercial,7,7,Karachi,Pakistan,"Karachi, Pakistan",PK,M,2/13/1974,11/22/1999,11,Nov,Q4,1999,2/21/2000,Y,2/13/2034,2/21/2000,1,1
400077541,Emp085,Permanent,Finance,7,7,Karachi,Pakistan,"Karachi, Pakistan",PK,M,8/10/1963,1/3/2000,1,Jan,Q1,2000,3/3/2000,Y,8/10/2023,3/3/2000,1,1
400077544,Emp086,Permanent,Operations,6,6,Gujrat,Pakistan,"Gujrat, Pakistan",PK,M,7/7/1965,2/15/2000,2,Feb,Q1,2000,5/15/2000,Y,7/7/2025,5/15/2000,1,1
400077545,Emp087,Permanent,Finance,8,8,Gujranwala,Pakistan,"Gujranwala, Pakistan",PK,M,4/4/1978,2/15/2000,2,Feb,Q1,2000,5/15/2000,Y,4/4/2038,5/15/2000,1,1
400077547,Emp088,Permanent,Operations,6,6,Lahore,Pakistan,"Lahore, Pakistan",PK,M,2/10/1976,4/1/2000,4,Apr,Q2,2000,7/1/2000,Y,2/10/2036,7/1/2000,1,1
400077549,Emp089,Permanent,Commercial,7,7,Rahim Yar Khan,Pakistan,"Rahim Yar Khan, Pakistan",PK,M,7/5/1973,6/1/2000,6,Jun,Q2,2000,9/1/2000,Y,7/5/2033,9/1/2000,1,1
400077550,Emp090,Permanent,Operations,6,6,Rahim Yar Khan,Pakistan,"Rahim Yar Khan, Pakistan",PK,M,11/14/1968,7/1/2000,7,Jul,Q3,2000,10/1/2000,Y,11/14/2028,10/1/2000,1,1
400077556,Emp091,Permanent,Operations,10,10,Islamabad,Pakistan,"Islamabad, Pakistan",PK,M,9/4/1972,10/1/2000,10,Oct,Q4,2000,1/1/2001,Y,9/4/2032,1/1/2001,1,1
400077557,Emp092,Permanent,Operations,6,6,Lahore,Pakistan,"Lahore, Pakistan",PK,M,6/3/1973,10/1/2000,10,Oct,Q4,2000,1/1/2001,Y,6/3/2033,1/1/2001,1,1
400077558,Emp093,Permanent,Finance,8,8,Karachi,Pakistan,"Karachi, Pakistan",PK,M,8/22/1967,10/28/2000,10,Oct,Q4,2000,1/1/2001,Y,8/22/2027,1/1/2001,1,1
400077560,Emp094,Permanent,Finance,8,8,Karachi,Pakistan,"Karachi, Pakistan",PK,M,1/15/1966,11/21/2000,11,Nov,Q4,2000,2/22/2001,Y,1/15/2026,2/22/2001,1,1
400077567,Emp095,Permanent,Operations,6,6,Lahore,Pakistan,"Lahore, Pakistan",PK,M,3/29/1965,5/1/2001,5,May,Q2,2001,8/1/2001,Y,3/29/2025,8/1/2001,1,1
400077569,Emp096,Permanent,Operations,6,6,Faisalabad,Pakistan,"Faisalabad, Pakistan",PK,M,8/3/1977,8/17/2001,8,Aug,Q3,2001,11/17/2001,Y,8/3/2037,11/17/2001,1,1
400077573,Emp097,Permanent,Commercial,7,7,Islamabad,Pakistan,"Islamabad, Pakistan",PK,M,6/8/1976,11/1/2001,11,Nov,Q4,2001,2/1/2002,Y,6/8/2036,2/1/2002,1,1
400077574,Emp098,Permanent,Operations,6,6,Islamabad,Pakistan,"Islamabad, Pakistan",PK,M,6/5/1972,11/1/2001,11,Nov,Q4,2001,2/1/2002,Y,6/5/2032,2/1/2002,1,1
400077579,Emp099,Permanent,Operations,6,6,Multan,Pakistan,"Multan, Pakistan",PK,M,5/3/1970,1/1/2002,1,Jan,Q1,2002,4/1/2002,Y,5/3/2030,4/1/2002,1,1
400077580,Emp100,Permanent,Finance,8,8,Islamabad,Pakistan,"Islamabad, Pakistan",PK,M,3/10/1979,1/1/2002,1,Jan,Q1,2002,4/1/2002,Y,3/10/2039,4/1/2002,1,1
400077581,Emp101,Permanent,Operations,7,7,Karachi,Pakistan,"Karachi, Pakistan",PK,M,12/4/1976,4/1/2002,4,Apr,Q2,2002,7/1/2002,Y,12/4/2036,7/1/2002,1,1
400077582,Emp102,Permanent,Operations,10,10,Karachi,Pakistan,"Karachi, Pakistan",PK,M,1/5/1979,4/11/2002,4,Apr,Q2,2002,7/1/2002,Y,1/5/2039,7/1/2002,1,1
400077584,Emp103,Permanent,Commercial,7,7,Quetta,Pakistan,"Quetta, Pakistan",PK,M,11/22/1972,5/17/2002,5,May,Q2,2002,8/17/2002,Y,11/22/2032,8/17/2002,1,1
400077587,Emp104,Permanent,Operations,6,6,Faisalabad,Pakistan,"Faisalabad, Pakistan",PK,M,1/1/1972,7/1/2002,7,Jul,Q3,2002,10/1/2002,Y,1/1/2032,10/1/2002,1,1
400077588,Emp105,Permanent,Operations,6,6,Karachi,Pakistan,"Karachi, Pakistan",PK,M,12/1/1960,7/16/2002,7,Jul,Q3,2002,10/16/2002,Y,12/1/2020,10/16/2002,1,1
400077590,Emp106,Permanent,Operations,6,6,Karachi,Pakistan,"Karachi, Pakistan",PK,M,1/11/1963,12/1/2002,12,Dec,Q4,2002,3/1/2003,Y,1/11/2023,3/1/2003,1,1
400077591,Emp107,Permanent,Operations,6,6,Sialkot,Pakistan,"Sialkot, Pakistan",PK,M,9/22/1979,4/1/2003,4,Apr,Q2,2003,7/1/2003,Y,9/22/2039,7/1/2003,1,1
400077592,Emp108,Permanent,Commercial,7,7,Wazirabad,Pakistan,"Wazirabad, Pakistan",PK,M,9/30/1973,4/29/2003,4,Apr,Q2,2003,6/29/2003,Y,9/30/2033,6/29/2003,1,1
400077595,Emp109,Permanent,Operations,I,I,Karachi,Pakistan,"Karachi, Pakistan",PK,M,8/12/1968,6/9/2003,6,Jun,Q2,2003,9/9/2003,Y,8/12/2028,9/9/2003,1,1
400077600,Emp110,Permanent,Operations,5,5,Karachi,Pakistan,"Karachi, Pakistan",PK,M,8/7/1981,7/1/2003,7,Jul,Q3,2003,11/1/2003,Y,8/7/2041,11/1/2003,1,1
400077601,Emp111,Permanent,Operations,7,7,Karachi,Pakistan,"Karachi, Pakistan",PK,M,11/7/1974,8/21/2003,8,Aug,Q3,2003,11/21/2003,Y,11/7/2034,11/21/2003,1,1
400077602,Emp112,Permanent,Operations,5,5,Islamabad,Pakistan,"Islamabad, Pakistan",PK,M,1/1/1976,8/1/2003,8,Aug,Q3,2003,11/1/2003,Y,1/1/2036,11/1/2003,1,1
400077603,Emp113,Permanent,Operations,6,6,Karachi,Pakistan,"Karachi, Pakistan",PK,M,1/1/1974,9/1/2003,9,Sep,Q3,2003,12/1/2003,Y,1/1/2034,12/1/2003,1,1
400077605,Emp114,Permanent,Commercial,7,7,Islamabad,Pakistan,"Islamabad, Pakistan",PK,M,7/8/1976,10/23/2003,10,Oct,Q4,2003,1/23/2004,Y,7/8/2036,1/23/2004,1,1
400077606,Emp115,Permanent,Finance,8,8,Sialkot,Pakistan,"Sialkot, Pakistan",PK,M,3/27/1975,2/1/2004,2,Feb,Q1,2004,5/1/2004,Y,3/27/2035,5/1/2004,1,1
400077608,Emp116,Permanent,Commercial,I,I,Karachi,Pakistan,"Karachi, Pakistan",PK,M,11/12/1974,4/20/2004,4,Apr,Q2,2004,7/20/2004,Y,11/12/2034,7/20/2004,1,1
400077609,Emp117,Permanent,Operations,6,6,Islamabad,Pakistan,"Islamabad, Pakistan",PK,M,12/23/1978,4/26/2004,4,Apr,Q2,2004,7/26/2005,Y,12/23/2038,7/26/2005,1,1
400077610,Emp118,Permanent,Finance,8,8,Sialkot,Pakistan,"Sialkot, Pakistan",PK,M,10/7/1980,6/1/2004,6,Jun,Q2,2004,9/1/2004,Y,10/7/2040,9/1/2004,1,1
400077612,Emp119,Permanent,Finance,8,8,Karachi,Pakistan,"Karachi, Pakistan",PK,M,1/23/1981,7/1/2004,7,Jul,Q3,2004,10/1/2004,Y,1/23/2041,10/1/2004,1,1
400077613,Emp120,Permanent,Commercial,7,7,Karachi,Pakistan,"Karachi, Pakistan",PK,M,12/31/1981,7/1/2004,7,Jul,Q3,2004,10/1/2004,Y,12/31/2041,10/1/2004,1,1
400077614,Emp121,Permanent,Operations,6,6,Karachi,Pakistan,"Karachi, Pakistan",PK,M,5/2/1978,7/1/2004,7,Jul,Q3,2004,10/1/2004,Y,5/2/2038,10/1/2004,1,1
400077617,Emp122,Permanent,Operations,6,6,Karachi,Pakistan,"Karachi, Pakistan",PK,M,7/7/1973,8/12/2004,8,Aug,Q3,2004,11/12/2004,Y,7/7/2033,11/12/2004,1,1
400077623,Emp123,Permanent,Commercial,7,7,Islamabad,Pakistan,"Islamabad, Pakistan",PK,M,11/19/1983,11/1/2004,11,Nov,Q4,2004,2/1/2005,Y,11/19/2043,2/1/2005,1,1
400077639,Emp124,Permanent,Finance,8,8,Sialkot,Pakistan,"Sialkot, Pakistan",PK,M,9/18/1979,2/20/2005,2,Feb,Q1,2005,5/20/2005,Y,9/18/2039,5/20/2005,1,1
400077640,Emp125,Permanent,Commercial,10,10,Faisalabad,Pakistan,"Faisalabad, Pakistan",PK,M,9/22/1978,3/2/2005,3,Mar,Q1,2005,6/2/2005,Y,9/22/2038,6/2/2005,1,1
400077647,Emp126,Permanent,Operations,5,5,Islamabad,Pakistan,"Islamabad, Pakistan",PK,M,12/25/1970,5/1/2005,5,May,Q2,2005,8/1/2005,Y,12/25/2030,8/1/2005,1,1
400077652,Emp127,Permanent,Operations,6,6,Islamabad,Pakistan,"Islamabad, Pakistan",PK,M,12/1/1970,5/1/2005,5,May,Q2,2005,8/1/2005,Y,12/1/2030,8/1/2005,1,1
400077653,Emp128,Permanent,Commercial,7,7,Lahore,Pakistan,"Lahore, Pakistan",PK,M,7/12/1979,5/1/2005,5,May,Q2,2005,8/1/2005,Y,7/12/2039,8/1/2005,1,1
400077654,Emp129,Permanent,Operations,6,6,Lahore,Pakistan,"Lahore, Pakistan",PK,M,2/19/1980,5/1/2005,5,May,Q2,2005,8/1/2005,Y,2/19/2040,8/1/2005,1,1
400077656,Emp130,Permanent,Information Services,10,10,Karachi,Pakistan,"Karachi, Pakistan",PK,M,12/25/1981,5/25/2005,5,May,Q2,2005,9/1/2005,Y,12/25/2041,9/1/2005,1,1
400077657,Emp131,Permanent,Operations,6,6,Faisalabad,Pakistan,"Faisalabad, Pakistan",PK,M,1/1/1970,5/23/2005,5,May,Q2,2005,9/1/2005,Y,1/1/2030,9/1/2005,1,1
400077660,Emp132,Permanent,Operations,7,7,Sialkot,Pakistan,"Sialkot, Pakistan",PK,M,9/13/1976,5/23/2005,5,May,Q2,2005,9/1/2005,Y,9/13/2036,9/1/2005,1,1
400077663,Emp133,Permanent,Operations,6,6,Lahore,Pakistan,"Lahore, Pakistan",PK,M,9/13/1976,5/23/2005,5,May,Q2,2005,9/1/2005,Y,9/13/2036,9/1/2005,1,1
400077665,Emp134,Permanent,Operations,6,6,Karachi,Pakistan,"Karachi, Pakistan",PK,M,4/5/1963,5/14/2005,5,May,Q2,2005,8/14/1999,Y,4/5/2023,8/14/1999,1,1
400077666,Emp135,Permanent,Operations,7,7,Karachi,Pakistan,"Karachi, Pakistan",PK,M,4/3/1974,6/27/2005,6,Jun,Q2,2005,1/1/2006,Y,4/3/2034,1/1/2006,1,1
400077668,Emp136,Permanent,Operations,6,6,Lahore,Pakistan,"Lahore, Pakistan",PK,M,4/5/1982,6/27/2005,6,Jun,Q2,2005,10/1/2005,Y,4/5/2042,10/1/2005,1,1
400077671,Emp137,Permanent,Operations,6,6,Karachi,Pakistan,"Karachi, Pakistan",PK,M,4/4/1976,8/1/2005,8,Aug,Q3,2005,11/1/2005,Y,4/4/2036,11/1/2005,1,1
400077672,Emp138,Permanent,Commercial,7,Part Time,Lahore,Pakistan,"Lahore, Pakistan",PK,M,6/14/1977,8/1/2005,8,Aug,Q3,2005,11/1/2005,Y,6/14/2037,11/1/2005,0.5,1
400077674,Emp139,Permanent,Operations,7,7,Karachi,Pakistan,"Karachi, Pakistan",PK,M,1/15/1973,9/1/2005,9,Sep,Q3,2005,12/1/2005,Y,1/15/2033,12/1/2005,1,1
400077675,Emp140,Permanent,Customer Service,9,9,Karachi,Pakistan,"Karachi, Pakistan",PK,M,5/17/1981,9/26/2005,9,Sep,Q3,2005,1/1/2006,Y,5/17/2041,1/1/2006,1,1
400077676,Emp141,Permanent,Operations,9,9,Multan,Pakistan,"Multan, Pakistan",PK,M,9/4/1978,10/6/2005,10,Oct,Q4,2005,1/10/2006,Y,9/4/2038,1/10/2006,1,1
400077678,Emp142,Permanent,Operations,10,10,Lahore,Pakistan,"Lahore, Pakistan",PK,M,1/4/1980,11/10/2005,11,Nov,Q4,2005,2/10/2006,Y,1/4/2040,2/10/2006,1,1
400077679,Emp143,Permanent,Operations,6,6,Multan,Pakistan,"Multan, Pakistan",PK,M,1/18/1970,11/30/2005,11,Nov,Q4,2005,3/1/2006,Y,1/18/2030,3/1/2006,1,1
400077680,Emp144,Permanent,Operations,6,6,Faisalabad,Pakistan,"Faisalabad, Pakistan",PK,M,8/26/1971,11/12/2005,11,Nov,Q4,2005,2/12/2006,Y,8/26/2031,2/12/2006,1,1
400077683,Emp145,Permanent,Operations,6,6,Lahore,Pakistan,"Lahore, Pakistan",PK,M,9/4/1974,1/29/2006,1,Jan,Q1,2006,5/1/2006,Y,9/4/2034,5/1/2006,1,1
400077685,Emp146,Permanent,Operations,6,6,Faisalabad,Pakistan,"Faisalabad, Pakistan",PK,M,7/18/1983,3/1/2006,3,Mar,Q1,2006,6/1/2006,Y,7/18/2043,6/1/2006,1,1
400077686,Emp147,Permanent,Operations,6,6,Faisalabad,Pakistan,"Faisalabad, Pakistan",PK,M,6/28/1975,3/1/2006,3,Mar,Q1,2006,6/1/2006,Y,6/28/2035,6/1/2006,1,1
400077693,Emp148,Permanent,Operations,L,L,Lahore,Pakistan,"Lahore, Pakistan",PK,M,8/24/1974,3/1/2006,3,Mar,Q1,2006,6/1/2006,Y,8/24/2034,6/1/2006,1,1
400077695,Emp149,Permanent,Operations,6,6,Lahore,Pakistan,"Lahore, Pakistan",PK,M,5/5/1981,5/1/2006,5,May,Q2,2006,8/1/2006,Y,5/5/2041,8/1/2006,1,1
400077696,Emp150,Permanent,Commercial,10,10,Faisalabad,Pakistan,"Faisalabad, Pakistan",PK,M,4/28/1986,5/1/2006,5,May,Q2,2006,8/1/2006,Y,4/28/2046,8/1/2006,1,1
400077702,Emp151,Permanent,Operations,7,7,Islamabad,Pakistan,"Islamabad, Pakistan",PK,M,7/24/1977,5/1/2006,5,May,Q2,2006,8/1/2006,Y,7/24/2037,8/1/2006,1,1
400077703,Emp152,Permanent,Information Services,K,K,Karachi,Pakistan,"Karachi, Pakistan",PK,M,11/1/1981,6/1/2006,6,Jun,Q2,2006,9/1/2006,Y,11/1/2041,9/1/2006,1,1
400077708,Emp153,Permanent,Operations,7,7,Lahore,Pakistan,"Lahore, Pakistan",PK,M,3/1/1967,7/1/2006,7,Jul,Q3,2006,10/1/2006,Y,3/1/2027,10/1/2006,1,1
400077710,Emp154,Permanent,Commercial,9,9,Multan,Pakistan,"Multan, Pakistan",PK,M,5/14/1979,7/12/2006,7,Jul,Q3,2006,10/12/2006,Y,5/14/2039,10/12/2006,1,1
400077711,Emp155,Permanent,Customer Service,10,10,Karachi,Pakistan,"Karachi, Pakistan",PK,M,6/21/1982,7/12/2006,7,Jul,Q3,2006,7/12/2006,Y,6/21/2042,7/12/2006,1,1
400077712,Emp156,Permanent,Operations,7,7,Lahore,Pakistan,"Lahore, Pakistan",PK,M,2/22/1961,7/15/2006,7,Jul,Q3,2006,10/15/2006,Y,2/22/2021,10/15/2006,1,1
400077716,Emp157,Permanent,Operations,10,10,Karachi,Pakistan,"Karachi, Pakistan",PK,M,3/15/1974,7/26/2006,7,Jul,Q3,2006,11/1/2006,Y,3/15/2034,11/1/2006,1,1
400077720,Emp158,Permanent,Finance,8,8,Lahore,Pakistan,"Lahore, Pakistan",PK,M,6/16/1976,9/6/2006,9,Sep,Q3,2006,12/6/2006,Y,6/16/2036,12/6/2006,1,1
400077723,Emp159,Permanent,Operations,7,7,Karachi,Pakistan,"Karachi, Pakistan",PK,M,8/28/1968,11/1/2006,11,Nov,Q4,2006,5/1/2007,Y,8/28/2028,5/1/2007,1,1
400077725,Emp160,Permanent,Operations,10,10,Karachi,Pakistan,"Karachi, Pakistan",PK,M,12/6/1980,11/1/2006,11,Nov,Q4,2006,2/1/2007,Y,12/6/2040,2/1/2007,1,1
400077727,Emp161,Permanent,Operations,6,6,Lahore,Pakistan,"Lahore, Pakistan",PK,M,2/5/1972,10/1/2006,10,Oct,Q4,2006,1/1/2007,Y,2/5/2032,1/1/2007,1,1
400077730,Emp162,Permanent,Operations,6,6,Sialkot,Pakistan,"Sialkot, Pakistan",PK,M,8/17/1979,12/8/2006,12,Dec,Q4,2006,3/8/2007,Y,8/17/2039,3/8/2007,1,1
400077735,Emp163,Permanent,Commercial,K,K,Karachi,Pakistan,"Karachi, Pakistan",PK,M,10/29/1982,2/5/2007,2,Feb,Q1,2007,5/5/2007,Y,10/29/2042,5/5/2007,1,1
400077737,Emp164,Permanent,Operations,L,L,Karachi,Pakistan,"Karachi, Pakistan",PK,M,3/14/1979,2/23/2007,2,Feb,Q1,2007,5/23/2007,Y,3/14/2039,5/23/2007,1,1
400077741,Emp165,Permanent,Customer Service,10,10,Karachi,Pakistan,"Karachi, Pakistan",PK,M,6/29/1983,3/26/2007,3,Mar,Q1,2007,6/26/2007,Y,6/29/2043,6/26/2007,1,1
400077743,Emp166,Permanent,Information Services,K,K,Karachi,Pakistan,"Karachi, Pakistan",PK,M,1/14/1982,3/26/2007,3,Mar,Q1,2007,6/26/2007,Y,1/14/2042,6/26/2007,1,1
400077748,Emp167,Permanent,Commercial,K,K,Karachi,Pakistan,"Karachi, Pakistan",PK,M,5/22/1983,4/16/2007,4,Apr,Q2,2007,7/16/2007,Y,5/22/2043,7/16/2007,1,1
400077752,Emp168,Permanent,Operations,7,7,Karachi,Pakistan,"Karachi, Pakistan",PK,M,12/28/1983,5/1/2007,5,May,Q2,2007,8/1/2007,Y,12/28/2043,8/1/2007,1,1
400077754,Emp169,Permanent,Finance,8,8,Lahore,Pakistan,"Lahore, Pakistan",PK,M,2/10/1978,4/28/2007,4,Apr,Q2,2007,7/28/2007,Y,2/10/2038,7/28/2007,1,1
400077759,Emp170,Permanent,Operations,6,6,Karachi,Pakistan,"Karachi, Pakistan",PK,M,11/17/1981,6/15/2007,6,Jun,Q2,2007,9/15/2007,Y,11/17/2041,9/15/2007,1,1
400077761,Emp171,Permanent,Operations,7,7,Lahore,Pakistan,"Lahore, Pakistan",PK,M,8/15/1981,6/18/2007,6,Jun,Q2,2007,9/18/2007,Y,8/15/2041,9/18/2007,1,1
400077767,Emp172,Permanent,Commercial,9,9,Karachi,Pakistan,"Karachi, Pakistan",PK,F,3/1/1984,9/18/2007,9,Sep,Q3,2007,12/18/2007,Y,3/1/2044,12/18/2007,1,1
400077771,Emp173,Permanent,Commercial,9,9,Karachi,Pakistan,"Karachi, Pakistan",PK,F,11/6/1985,9/1/2007,9,Sep,Q3,2007,12/1/2007,Y,11/6/2045,12/1/2007,1,1
400077774,Emp174,Permanent,Customer Service,9,9,Karachi,Pakistan,"Karachi, Pakistan",PK,M,12/9/1985,10/17/2007,10,Oct,Q4,2007,1/17/2008,Y,12/9/2045,1/17/2008,1,1
400077776,Emp175,Permanent,Customer Service,9,9,Karachi,Pakistan,"Karachi, Pakistan",PK,M,6/12/1985,10/17/2007,10,Oct,Q4,2007,1/17/2008,Y,6/12/2045,1/17/2008,1,1
400077779,Emp176,Permanent,Commercial,10,10,Karachi,Pakistan,"Karachi, Pakistan",PK,F,4/25/1987,10/23/2007,10,Oct,Q4,2007,1/23/2008,Y,4/25/2047,1/23/2008,1,1
400077780,Emp177,Permanent,Finance,8,8,Lahore,Pakistan,"Lahore, Pakistan",PK,M,1/6/1983,10/3/2007,10,Oct,Q4,2007,4/3/2008,Y,1/6/2043,4/3/2008,1,1
400077788,Emp178,Permanent,Operations,6,6,Sialkot,Pakistan,"Sialkot, Pakistan",PK,M,1/18/1983,11/15/2007,11,Nov,Q4,2007,2/15/2008,Y,1/18/2043,2/15/2008,1,1
400077789,Emp179,Permanent,Information Services,10,10,Lahore,Pakistan,"Lahore, Pakistan",PK,M,6/7/1982,11/15/2007,11,Nov,Q4,2007,2/15/2008,Y,6/7/2042,2/15/2008,1,1
400077790,Emp180,Permanent,Commercial,7,7,Islamabad,Pakistan,"Islamabad, Pakistan",PK,M,8/15/1985,11/1/2007,11,Nov,Q4,2007,5/1/2008,Y,8/15/2045,5/1/2008,1,1
400077792,Emp181,Permanent,Commercial,K,K,Karachi,Pakistan,"Karachi, Pakistan",PK,M,2/21/1979,12/10/2007,12,Dec,Q4,2007,3/10/2008,Y,2/21/2039,3/10/2008,1,1
400077796,Emp182,Permanent,Operations,6,6,Islamabad,Pakistan,"Islamabad, Pakistan",PK,M,11/25/1986,12/1/2007,12,Dec,Q4,2007,3/1/2008,Y,11/25/2046,3/1/2008,1,1
400077798,Emp183,Permanent,Information Services,10,10,Karachi,Pakistan,"Karachi, Pakistan",PK,M,12/8/1980,1/14/2008,1,Jan,Q1,2008,4/14/2008,Y,12/8/2040,4/14/2008,1,1
400077800,Emp184,Permanent,Commercial,9,9,Karachi,Pakistan,"Karachi, Pakistan",PK,F,9/2/1982,1/21/2008,1,Jan,Q1,2008,4/21/2008,Y,9/2/2042,4/21/2008,1,1
400077801,Emp185,Permanent,Customer Service,8,8,Karachi,Pakistan,"Karachi, Pakistan",PK,M,12/16/1979,1/21/2008,1,Jan,Q1,2008,4/21/2008,Y,12/16/2039,4/21/2008,1,1
400077806,Emp186,Permanent,Commercial,L,L,Karachi,Pakistan,"Karachi, Pakistan",PK,M,7/25/1984,3/3/2008,3,Mar,Q1,2008,6/3/2008,Y,7/25/2044,6/3/2008,1,1
400077808,Emp187,Permanent,Operations,6,6,Lahore,Pakistan,"Lahore, Pakistan",PK,M,5/17/1982,3/18/2008,3,Mar,Q1,2008,6/18/2008,Y,5/17/2042,6/18/2008,1,1
400077813,Emp188,Permanent,Finance,8,8,Sialkot,Pakistan,"Sialkot, Pakistan",PK,M,3/7/1986,4/14/2008,4,Apr,Q2,2008,7/14/2008,Y,3/7/2046,7/14/2008,1,1
400077816,Emp189,Permanent,Commercial,9,9,Karachi,Pakistan,"Karachi, Pakistan",PK,M,1/23/1987,5/3/2008,5,May,Q2,2008,8/3/2008,Y,1/23/2047,8/3/2008,1,1
400077819,Emp190,Permanent,Operations,6,6,Sialkot,Pakistan,"Sialkot, Pakistan",PK,M,10/21/1983,7/1/2008,7,Jul,Q3,2008,10/1/2008,Y,10/21/2043,10/1/2008,1,1
400077824,Emp191,Permanent,Customer Service,8,8,Karachi,Pakistan,"Karachi, Pakistan",PK,M,9/7/1970,7/7/2008,7,Jul,Q3,2008,10/7/2008,Y,9/7/2030,10/7/2008,1,1
400077825,Emp192,Permanent,Commercial,K,K,Karachi,Pakistan,"Karachi, Pakistan",PK,M,5/30/1984,7/8/2008,7,Jul,Q3,2008,10/8/2008,Y,5/30/2044,10/8/2008,1,1
400077827,Emp193,Permanent,Operations,6,6,Karachi,Pakistan,"Karachi, Pakistan",PK,M,3/28/1986,7/7/2008,7,Jul,Q3,2008,10/7/2008,Y,3/28/2046,10/7/2008,1,1
400077829,Emp194,Permanent,Finance,8,8,Islamabad,Pakistan,"Islamabad, Pakistan",PK,M,8/22/1985,8/11/2008,8,Aug,Q3,2008,11/11/2008,Y,8/22/2045,11/11/2008,1,1
400077831,Emp195,Permanent,Operations,6,6,Faisalabad,Pakistan,"Faisalabad, Pakistan",PK,M,1/30/1980,9/10/2008,9,Sep,Q3,2008,12/10/2008,Y,1/30/2040,12/10/2008,1,1
400077832,Emp196,Permanent,Operations,G,G,Karachi,Pakistan,"Karachi, Pakistan",PK,M,9/13/1973,9/29/2008,9,Sep,Q3,2008,12/29/2008,Y,9/13/2033,12/29/2008,1,1
400077837,Emp197,Permanent,Operations,6,6,Multan,Pakistan,"Multan, Pakistan",PK,M,1/3/1976,11/1/2008,11,Nov,Q4,2008,2/10/2009,Y,1/3/2036,2/10/2009,1,1
400077839,Emp198,Permanent,General Management,F,F,Karachi,Pakistan,"Karachi, Pakistan",PK,M,5/22/1970,3/1/2008,3,Mar,Q1,2008,3/1/2008,Y,5/22/2030,3/1/2008,1,1
400077841,Emp199,Permanent,Customer Service,H,H,Karachi,Pakistan,"Karachi, Pakistan",PK,M,7/7/1978,12/16/2008,12,Dec,Q4,2008,3/16/2009,Y,7/7/2038,3/16/2009,1,1
400077842,Emp200,Permanent,Operations,J,J,Karachi,Pakistan,"Karachi, Pakistan",PK,M,8/21/1962,12/18/2008,12,Dec,Q4,2008,3/18/2009,Y,8/21/2022,3/18/2009,1,1
400077848,Emp201,Permanent,Operations,6,6,Islamabad,Pakistan,"Islamabad, Pakistan",PK,M,7/3/1987,9/7/2009,9,Sep,Q3,2009,12/7/2009,Y,7/3/2047,12/7/2009,1,1
400077849,Emp202,Permanent,Operations,6,6,Karachi,Pakistan,"Karachi, Pakistan",PK,M,2/28/1981,9/15/2009,9,Sep,Q3,2009,12/31/2009,Y,2/28/2041,12/31/2009,1,1
400077850,Emp203,Permanent,Operations,6,6,Sialkot,Pakistan,"Sialkot, Pakistan",PK,M,9/1/1982,9/16/2009,9,Sep,Q3,2009,12/16/2009,Y,9/1/2042,12/16/2009,1,1
400077851,Emp204,Permanent,Operations,6,6,Islamabad,Pakistan,"Islamabad, Pakistan",PK,M,12/4/1987,9/29/2009,9,Sep,Q3,2009,12/30/2009,Y,12/4/2047,12/30/2009,1,1
400077854,Emp205,Permanent,Operations,6,6,Karachi,Pakistan,"Karachi, Pakistan",PK,M,11/20/1965,10/5/2009,10,Oct,Q4,2009,1/5/2010,Y,11/20/2025,1/5/2010,1,1
400077855,Emp206,Permanent,Operations,6,6,Karachi,Pakistan,"Karachi, Pakistan",PK,M,2/17/1987,10/16/2009,10,Oct,Q4,2009,1/16/2010,Y,2/17/2047,1/16/2010,1,1
400077856,Emp207,Permanent,Operations,6,6,Karachi,Pakistan,"Karachi, Pakistan",PK,M,1/10/1977,10/21/2009,10,Oct,Q4,2009,1/21/2010,Y,1/10/2037,1/21/2010,1,1
400077863,Emp208,Permanent,Finance,8,8,Peshawar,Pakistan,"Peshawar, Pakistan",PK,M,12/18/1980,1/25/2010,1,Jan,Q1,2010,4/25/2010,Y,12/18/2040,4/25/2010,1,1
400077870,Emp209,Permanent,Operations,6,6,Karachi,Pakistan,"Karachi, Pakistan",PK,M,4/1/1972,4/1/2010,4,Apr,Q2,2010,7/1/2010,Y,4/1/2032,7/1/2010,1,1
400077871,Emp210,Permanent,Operations,6,6,Hyderabad,Pakistan,"Hyderabad, Pakistan",PK,M,3/5/1985,4/1/2010,4,Apr,Q2,2010,7/1/2010,Y,3/5/2045,7/1/2010,1,1
400077872,Emp211,Permanent,Operations,7,7,Karachi,Pakistan,"Karachi, Pakistan",PK,M,10/9/1963,4/1/2010,4,Apr,Q2,2010,7/1/2010,Y,10/9/2023,7/1/2010,1,1
400077877,Emp212,Permanent,Procurement,8,8,Karachi,Pakistan,"Karachi, Pakistan",PK,M,10/18/1987,7/1/2010,7,Jul,Q3,2010,10/1/2010,Y,10/18/2047,10/1/2010,1,1
400077879,Emp213,Permanent,Commercial,10,10,Sialkot,Pakistan,"Sialkot, Pakistan",PK,M,3/20/1986,7/23/2010,7,Jul,Q3,2010,10/23/2010,Y,3/20/2046,10/23/2010,1,1
400077881,Emp214,Permanent,Commercial,7,7,Hyderabad,Pakistan,"Hyderabad, Pakistan",PK,M,6/9/1968,8/2/2010,8,Aug,Q3,2010,11/2/2010,Y,6/9/2028,11/2/2010,1,1
400077883,Emp215,Permanent,Commercial,L,L,Peshawar,Pakistan,"Peshawar, Pakistan",PK,M,11/29/1976,8/10/2010,8,Aug,Q3,2010,11/10/2010,Y,11/29/2036,11/10/2010,1,1
400077886,Emp216,Permanent,Operations,6,6,Sialkot,Pakistan,"Sialkot, Pakistan",PK,M,4/13/1989,10/20/2010,10,Oct,Q4,2010,1/20/2011,Y,4/13/2049,1/20/2011,1,1
400077887,Emp217,Permanent,Operations,7,7,Sialkot,Pakistan,"Sialkot, Pakistan",PK,M,3/7/1987,10/22/2010,10,Oct,Q4,2010,1/22/2011,Y,3/7/2047,1/22/2011,1,1
400077888,Emp218,Permanent,Customer Service,10,10,Karachi,Pakistan,"Karachi, Pakistan",PK,M,5/24/1988,10/28/2010,10,Oct,Q4,2010,1/28/2011,Y,5/24/2048,1/28/2011,1,1
400077895,Emp219,Permanent,Operations,5,5,Karachi,Pakistan,"Karachi, Pakistan",PK,M,12/26/1973,1/1/2011,1,Jan,Q1,2011,3/31/2011,Y,12/26/2033,3/31/2011,1,1
400077896,Emp220,Permanent,Operations,6,6,Karachi,Pakistan,"Karachi, Pakistan",PK,M,7/14/1980,1/25/2011,1,Jan,Q1,2011,4/26/2011,Y,7/14/2040,4/26/2011,1,1
400077905,Emp221,Permanent,Commercial,7,7,Karachi,Pakistan,"Karachi, Pakistan",PK,M,3/11/1984,4/11/2011,4,Apr,Q2,2011,6/11/2011,Y,3/11/2044,6/11/2011,1,1
400077913,Emp222,Permanent,General Management,L,L,Karachi,Pakistan,"Karachi, Pakistan",PK,M,12/7/1981,6/1/2011,6,Jun,Q2,2011,9/1/2011,Y,12/7/2041,9/1/2011,1,1
400077915,Emp223,Permanent,Commercial,L,L,Karachi,Pakistan,"Karachi, Pakistan",PK,M,3/29/1982,6/15/2011,6,Jun,Q2,2011,9/15/2011,Y,3/29/2042,9/15/2011,1,1
400077920,Emp224,Permanent,Commercial,7,7,Gujranwala,Pakistan,"Gujranwala, Pakistan",PK,M,10/8/1985,8/1/2011,8,Aug,Q3,2011,11/1/2011,Y,10/8/2045,11/1/2011,1,1
400077922,Emp225,Permanent,Commercial,L,L,Karachi,Pakistan,"Karachi, Pakistan",PK,M,10/31/1983,8/8/2011,8,Aug,Q3,2011,11/8/2011,Y,10/31/2043,11/8/2011,1,1
400077927,Emp226,Permanent,Customer Service,J,J,Karachi,Pakistan,"Karachi, Pakistan",PK,M,11/15/1983,9/26/2011,9,Sep,Q3,2011,3/26/2012,Y,11/15/2043,3/26/2012,1,1
400077929,Emp227,Permanent,Finance,8,8,Karachi,Pakistan,"Karachi, Pakistan",PK,M,4/22/1984,9/26/2011,9,Sep,Q3,2011,12/26/2011,Y,4/22/2044,12/26/2011,1,1
400077930,Emp228,Permanent,Operations,6,6,Lahore,Pakistan,"Lahore, Pakistan",PK,M,4/4/1980,10/1/2011,10,Oct,Q4,2011,1/1/2012,Y,4/4/2040,1/1/2012,1,1
400077931,Emp229,Permanent,Commercial,L,L,Lahore,Pakistan,"Lahore, Pakistan",PK,M,4/2/1991,11/1/2011,11,Nov,Q4,2011,2/1/2012,Y,4/2/2051,2/1/2012,1,1
400077932,Emp230,Permanent,Finance,L,L,Karachi,Pakistan,"Karachi, Pakistan",PK,M,4/30/1981,11/10/2011,11,Nov,Q4,2011,2/10/2012,Y,4/30/2041,2/10/2012,1,1
400077933,Emp231,Permanent,Operations,6,6,Islamabad,Pakistan,"Islamabad, Pakistan",PK,M,1/11/1982,11/15/2011,11,Nov,Q4,2011,2/15/2012,Y,1/11/2042,2/15/2012,1,1
400077937,Emp232,Permanent,Operations,6,6,Karachi,Pakistan,"Karachi, Pakistan",PK,M,7/25/1985,12/12/2011,12,Dec,Q4,2011,3/12/2012,Y,7/25/2045,3/12/2012,1,1
400077939,Emp233,Permanent,Commercial,7,7,Abbottabad,Pakistan,"Abbottabad, Pakistan",PK,M,3/7/1968,12/29/2011,12,Dec,Q4,2011,3/29/2012,Y,3/7/2028,3/29/2012,1,1
400077942,Emp234,Permanent,Information Services,9,9,Islamabad,Pakistan,"Islamabad, Pakistan",PK,M,9/1/1986,12/29/2011,12,Dec,Q4,2011,3/29/2012,Y,9/1/2046,3/29/2012,1,1
400077944,Emp235,Permanent,Commercial,7,7,Karachi,Pakistan,"Karachi, Pakistan",PK,M,6/11/1983,12/29/2011,12,Dec,Q4,2011,3/28/2012,Y,6/11/2043,3/28/2012,1,1
400077945,Emp236,Permanent,Finance,8,8,Karachi,Pakistan,"Karachi, Pakistan",PK,M,7/9/1980,1/9/2012,1,Jan,Q1,2012,7/9/2012,Y,7/9/2040,7/9/2012,1,1
400077946,Emp237,Permanent,Finance,8,8,Karachi,Pakistan,"Karachi, Pakistan",PK,M,11/14/1989,1/9/2012,1,Jan,Q1,2012,4/9/2012,Y,11/14/2049,4/9/2012,1,1
400077949,Emp238,Permanent,Finance,8,8,Karachi,Pakistan,"Karachi, Pakistan",PK,M,6/6/1984,2/6/2012,2,Feb,Q1,2012,5/6/2012,Y,6/6/2044,5/6/2012,1,1
400077950,Emp239,Permanent,Operations,7,7,Islamabad,Pakistan,"Islamabad, Pakistan",PK,M,5/15/1981,2/6/2012,2,Feb,Q1,2012,5/6/2012,Y,5/15/2041,5/6/2012,1,1
400077951,Emp240,Permanent,Operations,9,9,Peshawar,Pakistan,"Peshawar, Pakistan",PK,M,2/22/1989,2/6/2012,2,Feb,Q1,2012,5/6/2012,Y,2/22/2049,5/6/2012,1,1
400077958,Emp241,Permanent,Operations,7,7,Faisalabad,Pakistan,"Faisalabad, Pakistan",PK,M,7/25/1979,4/6/2012,4,Apr,Q2,2012,7/6/2012,Y,7/25/2039,7/6/2012,1,1
400077959,Emp242,Permanent,Commercial,7,7,Peshawar,Pakistan,"Peshawar, Pakistan",PK,M,7/6/1985,4/6/2012,4,Apr,Q2,2012,7/6/2012,Y,7/6/2045,7/6/2012,1,1
400077966,Emp243,Permanent,Customer Service,8,8,Karachi,Pakistan,"Karachi, Pakistan",PK,M,4/15/1981,7/13/2012,7,Jul,Q3,2012,10/12/2012,Y,4/15/2041,10/12/2012,1,1
400077969,Emp244,Permanent,Operations,6,6,Lahore,Pakistan,"Lahore, Pakistan",PK,M,11/4/1980,9/1/2012,9,Sep,Q3,2012,12/1/2012,Y,11/4/2040,12/1/2012,1,1
400077970,Emp245,Permanent,Operations,5,5,Lahore,Pakistan,"Lahore, Pakistan",PK,M,7/19/1971,9/1/2012,9,Sep,Q3,2012,12/1/2012,Y,7/19/2031,12/1/2012,1,1
400077971,Emp246,Permanent,Operations,5,5,Lahore,Pakistan,"Lahore, Pakistan",PK,M,4/12/1987,9/1/2012,9,Sep,Q3,2012,12/1/1999,Y,4/12/2047,12/1/1999,1,1
400077972,Emp247,Permanent,Operations,5,5,Lahore,Pakistan,"Lahore, Pakistan",PK,M,10/8/1967,9/1/2012,9,Sep,Q3,2012,12/1/2012,Y,10/8/2027,12/1/2012,1,1
400077974,Emp248,Permanent,Operations,6,6,Lahore,Pakistan,"Lahore, Pakistan",PK,M,12/8/1988,9/1/2012,9,Sep,Q3,2012,12/1/2012,Y,12/8/2048,12/1/2012,1,1
400077975,Emp249,Permanent,Operations,5,5,Lahore,Pakistan,"Lahore, Pakistan",PK,M,5/1/1979,9/1/2012,9,Sep,Q3,2012,12/1/1999,Y,5/1/2039,12/1/1999,1,1
400077977,Emp250,Permanent,Operations,5,5,Lahore,Pakistan,"Lahore, Pakistan",PK,M,1/9/1967,9/1/2012,9,Sep,Q3,2012,12/1/2012,Y,1/9/2027,12/1/2012,1,1
400077978,Emp251,Permanent,Finance,5,5,Karachi,Pakistan,"Karachi, Pakistan",PK,M,5/22/1977,9/1/2012,9,Sep,Q3,2012,12/1/2012,Y,5/22/2037,12/1/2012,1,1
400077983,Emp252,Permanent,Operations,6,6,Islamabad,Pakistan,"Islamabad, Pakistan",PK,M,8/12/1989,10/1/2012,10,Oct,Q4,2012,1/1/2013,Y,8/12/2049,1/1/2013,1,1
400077984,Emp253,Permanent,Operations,6,6,Lahore,Pakistan,"Lahore, Pakistan",PK,M,9/1/1972,10/1/2012,10,Oct,Q4,2012,1/1/2013,Y,9/1/2032,1/1/2013,1,1
400077989,Emp254,Permanent,Administration,L,L,Karachi,Pakistan,"Karachi, Pakistan",PK,M,5/20/1984,11/1/2012,11,Nov,Q4,2012,2/1/2013,Y,5/20/2044,2/1/2013,1,1
400077991,Emp255,Permanent,Commercial,7,7,Karachi,Pakistan,"Karachi, Pakistan",PK,M,6/1/1987,11/1/2012,11,Nov,Q4,2012,2/1/2013,Y,6/1/2047,2/1/2013,1,1
400077993,Emp256,Permanent,Commercial,7,7,Karachi,Pakistan,"Karachi, Pakistan",PK,M,12/12/1985,11/1/2012,11,Nov,Q4,2012,2/1/2013,Y,12/12/2045,2/1/2013,1,1
400077995,Emp257,Permanent,Commercial,7,7,Lahore,Pakistan,"Lahore, Pakistan",PK,M,10/6/1985,11/1/2012,11,Nov,Q4,2012,2/1/2013,Y,10/6/2045,2/1/2013,1,1
400077996,Emp258,Permanent,Commercial,7,7,Lahore,Pakistan,"Lahore, Pakistan",PK,M,6/6/1992,11/1/2012,11,Nov,Q4,2012,2/1/2013,Y,6/6/2052,2/1/2013,1,1
400077997,Emp259,Permanent,Commercial,7,7,Lahore,Pakistan,"Lahore, Pakistan",PK,M,4/15/1987,11/1/2012,11,Nov,Q4,2012,2/1/2013,Y,4/15/2047,2/1/2013,1,1
400077998,Emp260,Permanent,Commercial,10,10,Lahore,Pakistan,"Lahore, Pakistan",PK,M,1/1/1987,11/1/2012,11,Nov,Q4,2012,2/1/2013,Y,1/1/2047,2/1/2013,1,1
400078002,Emp261,Permanent,Finance,8,8,Faisalabad,Pakistan,"Faisalabad, Pakistan",PK,M,10/12/1987,11/1/2012,11,Nov,Q4,2012,2/1/2013,Y,10/12/2047,2/1/2013,1,1
400078003,Emp262,Permanent,Commercial,7,7,Gujranwala,Pakistan,"Gujranwala, Pakistan",PK,M,10/8/1985,11/1/2012,11,Nov,Q4,2012,2/1/2013,Y,10/8/2045,2/1/2013,1,1
400078004,Emp263,Permanent,Commercial,7,7,Hafizabad,Pakistan,"Hafizabad, Pakistan",PK,M,7/25/1981,11/1/2012,11,Nov,Q4,2012,2/1/2013,Y,7/25/2041,2/1/2013,1,1
400078005,Emp264,Permanent,Information Services,10,10,Faisalabad,Pakistan,"Faisalabad, Pakistan",PK,M,9/20/1986,11/1/2012,11,Nov,Q4,2012,2/1/2013,Y,9/20/2046,2/1/2013,1,1
400078006,Emp265,Permanent,Commercial,7,7,Islamabad,Pakistan,"Islamabad, Pakistan",PK,M,4/14/1987,11/1/2012,11,Nov,Q4,2012,2/1/2013,Y,4/14/2047,2/1/2013,1,1
400078007,Emp266,Permanent,Commercial,7,7,Islamabad,Pakistan,"Islamabad, Pakistan",PK,M,3/25/1983,11/1/2012,11,Nov,Q4,2012,2/1/2013,Y,3/25/2043,2/1/2013,1,1
400078009,Emp267,Permanent,Finance,8,8,Karachi,Pakistan,"Karachi, Pakistan",PK,M,6/20/1984,11/1/2012,11,Nov,Q4,2012,2/1/2013,Y,6/20/2044,2/1/2013,1,1
400078010,Emp268,Permanent,Commercial,10,10,Karachi,Pakistan,"Karachi, Pakistan",PK,M,8/16/1987,11/10/2012,11,Nov,Q4,2012,2/10/2013,Y,8/16/2047,2/10/2013,1,1
400078011,Emp269,Permanent,Commercial,7,7,Islamabad,Pakistan,"Islamabad, Pakistan",PK,M,10/2/1986,11/12/2012,11,Nov,Q4,2012,2/12/2013,Y,10/2/2046,2/12/2013,1,1
400078013,Emp270,Permanent,Administration,10,10,Lahore,Pakistan,"Lahore, Pakistan",PK,M,12/15/1986,11/15/2012,11,Nov,Q4,2012,2/15/2013,Y,12/15/2046,2/15/2013,1,1
400078014,Emp271,Permanent,Marketing,10,10,Karachi,Pakistan,"Karachi, Pakistan",PK,F,11/20/1985,11/28/2012,11,Nov,Q4,2012,2/28/2013,Y,11/20/2045,2/28/2013,1,1
400078015,Emp272,Permanent,Operations,6,6,Lahore,Pakistan,"Lahore, Pakistan",PK,M,3/8/1980,12/1/2012,12,Dec,Q4,2012,3/1/2013,Y,3/8/2040,3/1/2013,1,1
400078016,Emp273,Permanent,Operations,6,6,Islamabad,Pakistan,"Islamabad, Pakistan",PK,M,9/21/1984,12/1/2012,12,Dec,Q4,2012,3/1/2013,Y,9/21/2044,3/1/2013,1,1
400078017,Emp274,Permanent,Operations,6,6,Lahore,Pakistan,"Lahore, Pakistan",PK,M,7/4/1980,12/1/2012,12,Dec,Q4,2012,3/1/2013,Y,7/4/2040,3/1/2013,1,1
400078018,Emp275,Permanent,Operations,7,7,Karachi,Pakistan,"Karachi, Pakistan",PK,M,11/24/1990,12/1/2012,12,Dec,Q4,2012,3/1/2013,Y,11/24/2050,3/1/2013,1,1
400078019,Emp276,Permanent,Operations,6,6,Lahore,Pakistan,"Lahore, Pakistan",PK,M,11/22/1989,12/1/2012,12,Dec,Q4,2012,3/1/2013,Y,11/22/2049,3/1/2013,1,1
400078021,Emp277,Permanent,Operations,5,5,Karachi,Pakistan,"Karachi, Pakistan",PK,M,1/1/1983,12/1/2012,12,Dec,Q4,2012,3/1/2013,Y,1/1/2043,3/1/2013,1,1
400078022,Emp278,Permanent,Operations,5,5,Karachi,Pakistan,"Karachi, Pakistan",PK,M,4/26/1986,12/1/2012,12,Dec,Q4,2012,3/1/2013,Y,4/26/2046,3/1/2013,1,1
400078023,Emp279,Permanent,Operations,5,5,Karachi,Pakistan,"Karachi, Pakistan",PK,M,1/1/1980,12/1/2012,12,Dec,Q4,2012,3/1/2013,Y,1/1/2040,3/1/2013,1,1
400078026,Emp280,Permanent,Operations,5,5,Karachi,Pakistan,"Karachi, Pakistan",PK,M,1/4/1985,12/1/2012,12,Dec,Q4,2012,3/1/2013,Y,1/4/2045,3/1/2013,1,1
400078027,Emp281,Permanent,Operations,5,5,Karachi,Pakistan,"Karachi, Pakistan",PK,M,5/25/1975,12/1/2012,12,Dec,Q4,2012,3/1/2013,Y,5/25/2035,3/1/2013,1,1
400078028,Emp282,Permanent,Operations,6,6,Lahore,Pakistan,"Lahore, Pakistan",PK,M,9/1/1983,12/1/2012,12,Dec,Q4,2012,3/1/2013,Y,9/1/2043,3/1/2013,1,1
400078029,Emp283,Permanent,Operations,6,6,Lahore,Pakistan,"Lahore, Pakistan",PK,M,5/15/1990,12/1/2012,12,Dec,Q4,2012,3/1/2013,Y,5/15/2050,3/1/2013,1,1
400078032,Emp284,Permanent,Operations,7,7,Faisalabad,Pakistan,"Faisalabad, Pakistan",PK,M,5/25/1989,12/1/2012,12,Dec,Q4,2012,3/1/2013,Y,5/25/2049,3/1/2013,1,1
400078033,Emp285,Permanent,Operations,7,7,Sialkot,Pakistan,"Sialkot, Pakistan",PK,M,4/22/1976,12/1/2012,12,Dec,Q4,2012,3/1/2013,Y,4/22/2036,3/1/2013,1,1
400078034,Emp286,Permanent,Operations,5,5,Sialkot,Pakistan,"Sialkot, Pakistan",PK,M,2/1/1977,12/1/2012,12,Dec,Q4,2012,3/1/2013,Y,2/1/2037,3/1/2013,1,1
400078035,Emp287,Permanent,Operations,7,7,Karachi,Pakistan,"Karachi, Pakistan",PK,M,12/10/1975,12/1/2012,12,Dec,Q4,2012,3/1/2013,Y,12/10/2035,3/1/2013,1,1
400078037,Emp288,Permanent,Operations,6,6,Faisalabad,Pakistan,"Faisalabad, Pakistan",PK,M,10/14/1984,12/1/2012,12,Dec,Q4,2012,3/1/2013,Y,10/14/2044,3/1/2013,1,1
400078038,Emp289,Permanent,Operations,5,5,Karachi,Pakistan,"Karachi, Pakistan",PK,M,7/7/1984,12/1/2012,12,Dec,Q4,2012,3/1/2013,Y,7/7/2044,3/1/2013,1,1
400078039,Emp290,Permanent,Operations,5,5,Lahore,Pakistan,"Lahore, Pakistan",PK,M,2/24/1975,12/1/2012,12,Dec,Q4,2012,3/1/2013,Y,2/24/2035,3/1/2013,1,1
400078041,Emp291,Permanent,Commercial,7,7,Sialkot,Pakistan,"Sialkot, Pakistan",PK,M,5/3/1992,12/1/2012,12,Dec,Q4,2012,3/1/2013,Y,5/3/2052,3/1/2013,1,1
400078042,Emp292,Permanent,Operations,5,5,Sialkot,Pakistan,"Sialkot, Pakistan",PK,M,12/22/1989,12/1/2012,12,Dec,Q4,2012,3/1/2013,Y,12/22/2049,3/1/2013,1,1
400078044,Emp293,Permanent,Commercial,9,9,Karachi,Pakistan,"Karachi, Pakistan",PK,M,4/20/1981,12/1/2012,12,Dec,Q4,2012,3/1/2013,Y,4/20/2041,3/1/2013,1,1
400078045,Emp294,Permanent,Operations,7,7,Karachi,Pakistan,"Karachi, Pakistan",PK,M,11/9/1985,12/1/2012,12,Dec,Q4,2012,3/1/2013,Y,11/9/2045,3/1/2013,1,1
400078046,Emp295,Permanent,Commercial,7,7,Karachi,Pakistan,"Karachi, Pakistan",PK,M,9/21/1988,12/1/2012,12,Dec,Q4,2012,3/1/2012,Y,9/21/2048,3/1/2012,1,1
400078047,Emp296,Permanent,Finance,8,8,Sialkot,Pakistan,"Sialkot, Pakistan",PK,M,1/18/1991,12/1/2012,12,Dec,Q4,2012,3/1/2013,Y,1/18/2051,3/1/2013,1,1
400078049,Emp297,Permanent,Finance,8,8,Faisalabad,Pakistan,"Faisalabad, Pakistan",PK,M,11/19/1987,12/3/2012,12,Dec,Q4,2012,3/3/2013,Y,11/19/2047,3/3/2013,1,1
400078050,Emp298,Permanent,Finance,8,8,Lahore,Pakistan,"Lahore, Pakistan",PK,M,10/21/1986,12/3/2012,12,Dec,Q4,2012,3/3/2013,Y,10/21/2046,3/3/2013,1,1
400078051,Emp299,Permanent,Finance,8,8,Lahore,Pakistan,"Lahore, Pakistan",PK,M,9/6/1990,12/3/2012,12,Dec,Q4,2012,3/3/2013,Y,9/6/2050,3/3/2013,1,1
400078053,Emp300,Permanent,Operations,6,6,Karachi,Pakistan,"Karachi, Pakistan",PK,M,6/9/1992,12/17/2012,12,Dec,Q4,2012,3/17/2013,Y,6/9/2052,3/17/2013,1,1
400078054,Emp301,Permanent,Operations,6,6,Karachi,Pakistan,"Karachi, Pakistan",PK,M,1/8/1993,12/20/2012,12,Dec,Q4,2012,3/20/2013,Y,1/8/2053,3/20/2013,1,1
400078056,Emp302,Permanent,Customer Service,8,8,Karachi,Pakistan,"Karachi, Pakistan",PK,M,8/13/1983,12/31/2012,12,Dec,Q4,2012,7/31/2013,Y,8/13/2043,7/31/2013,1,1
400078058,Emp303,Permanent,Operations,6,6,Lahore,Pakistan,"Lahore, Pakistan",PK,M,12/18/1989,1/1/2013,1,Jan,Q1,2013,3/1/1999,Y,12/18/2049,3/1/1999,1,1
400078059,Emp304,Permanent,Operations,6,6,Lahore,Pakistan,"Lahore, Pakistan",PK,M,5/2/1984,1/1/2013,1,Jan,Q1,2013,3/1/2013,Y,5/2/2044,3/1/2013,1,1
400078060,Emp305,Permanent,Commercial,7,7,Faisalabad,Pakistan,"Faisalabad, Pakistan",PK,M,7/27/1990,1/1/2013,1,Jan,Q1,2013,3/1/2013,Y,7/27/2050,3/1/2013,1,1
400078064,Emp306,Permanent,Operations,6,6,Karachi,Pakistan,"Karachi, Pakistan",PK,M,12/2/1983,12/31/2012,12,Dec,Q4,2012,3/28/2013,Y,12/2/2043,3/28/2013,1,1
400078065,Emp307,Permanent,Customer Service,9,9,Karachi,Pakistan,"Karachi, Pakistan",PK,F,1/15/1989,2/1/2013,2,Feb,Q1,2013,5/1/2013,Y,1/15/2049,5/1/2013,1,1
400078067,Emp308,Permanent,Operations,10,10,Karachi,Pakistan,"Karachi, Pakistan",PK,M,5/29/1987,2/20/2013,2,Feb,Q1,2013,5/20/2013,Y,5/29/2047,5/20/2013,1,1
400078068,Emp309,Permanent,Operations,5,5,Lahore,Pakistan,"Lahore, Pakistan",PK,M,6/28/1985,2/23/2013,2,Feb,Q1,2013,5/22/2013,Y,6/28/2045,5/22/2013,1,1
400078071,Emp310,Permanent,Commercial,7,7,Faisalabad,Pakistan,"Faisalabad, Pakistan",PK,M,6/18/1985,3/11/2013,3,Mar,Q1,2013,6/10/2013,Y,6/18/2045,6/10/2013,1,1
400078072,Emp311,Permanent,Commercial,7,7,Sialkot,Pakistan,"Sialkot, Pakistan",PK,M,2/8/1987,3/13/2013,3,Mar,Q1,2013,6/12/2013,Y,2/8/2047,6/12/2013,1,1
400078074,Emp312,Permanent,Operations,5,5,Karachi,Pakistan,"Karachi, Pakistan",PK,M,5/29/1991,3/13/2013,3,Mar,Q1,2013,6/12/2013,Y,5/29/2051,6/12/2013,1,1
400078075,Emp313,Permanent,Commercial,7,7,Lahore,Pakistan,"Lahore, Pakistan",PK,M,10/31/1988,3/20/2013,3,Mar,Q1,2013,6/19/2013,Y,10/31/2048,6/19/2013,1,1
400078077,Emp314,Permanent,Operations,10,10,Karachi,Pakistan,"Karachi, Pakistan",PK,M,5/3/1978,4/1/2013,4,Apr,Q2,2013,7/31/2013,Y,5/3/2038,7/31/2013,1,1
400078080,Emp315,Permanent,Operations,6,6,Karachi,Pakistan,"Karachi, Pakistan",PK,M,9/12/1983,5/10/2013,5,May,Q2,2013,8/9/2013,Y,9/12/2043,8/9/2013,1,1
400078083,Emp316,Permanent,Operations,7,7,Karachi,Pakistan,"Karachi, Pakistan",PK,M,10/11/1982,6/1/2013,6,Jun,Q2,2013,9/1/2013,Y,10/11/2042,9/1/2013,1,1
400078084,Emp317,Permanent,Operations,6,6,Karachi,Pakistan,"Karachi, Pakistan",PK,M,2/21/1990,6/24/2013,6,Jun,Q2,2013,9/23/2013,Y,2/21/2050,9/23/2013,1,1
400078089,Emp318,Permanent,Commercial,7,7,Karachi,Pakistan,"Karachi, Pakistan",PK,M,1/25/1990,8/12/2013,8,Aug,Q3,2013,11/11/2013,Y,1/25/2050,11/11/2013,1,1
400078092,Emp319,Permanent,Commercial,L,L,Karachi,Pakistan,"Karachi, Pakistan",PK,M,9/28/1986,9/10/2013,9,Sep,Q3,2013,12/9/2013,Y,9/28/2046,12/9/2013,1,1
400078094,Emp320,Permanent,Finance,8,8,Sialkot,Pakistan,"Sialkot, Pakistan",PK,M,12/25/1985,9/1/2013,9,Sep,Q3,2013,11/30/2013,Y,12/25/2045,11/30/2013,1,1
400078096,Emp321,Permanent,Operations,6,6,Lahore,Pakistan,"Lahore, Pakistan",PK,M,11/4/1989,9/5/2013,9,Sep,Q3,2013,12/4/2013,Y,11/4/2049,12/4/2013,1,1
400078100,Emp322,Permanent,Commercial,10,10,Islamabad,Pakistan,"Islamabad, Pakistan",PK,M,4/10/1989,9/30/2013,9,Sep,Q3,2013,12/30/2013,Y,4/10/2049,12/30/2013,1,1
400078102,Emp323,Permanent,Finance,8,8,Karachi,Pakistan,"Karachi, Pakistan",PK,M,1/19/1983,10/25/2013,10,Oct,Q4,2013,1/24/2014,Y,1/19/2043,1/24/2014,1,1
400078103,Emp324,Permanent,General Management,H,H,Karachi,Pakistan,"Karachi, Pakistan",PK,M,1/1/1962,11/1/2013,11,Nov,Q4,2013,1/28/2014,Y,1/1/2022,1/28/2014,1,1
400078105,Emp325,Permanent,Human Resource,H,H,Karachi,Pakistan,"Karachi, Pakistan",PK,M,4/11/1973,11/18/2013,11,Nov,Q4,2013,2/17/2014,Y,4/11/2033,2/17/2014,1,1
400078106,Emp326,Permanent,Commercial,7,7,Karachi,Pakistan,"Karachi, Pakistan",PK,M,3/28/1978,11/11/2013,11,Nov,Q4,2013,2/17/2014,Y,3/28/2038,2/17/2014,1,1
400078109,Emp327,Permanent,Customer Service,7,7,Karachi,Pakistan,"Karachi, Pakistan",PK,M,9/11/1988,12/31/2013,12,Dec,Q4,2013,3/31/2014,Y,9/11/2048,3/31/2014,1,1
400078111,Emp328,Permanent,Operations,5,5,Karachi,Pakistan,"Karachi, Pakistan",PK,M,8/29/1984,12/31/2013,12,Dec,Q4,2013,3/1/2014,Y,8/29/2044,3/1/2014,1,1
400078113,Emp329,Permanent,Operations,5,5,Lahore,Pakistan,"Lahore, Pakistan",PK,M,4/1/1988,4/4/2014,4,Apr,Q2,2014,7/4/2014,Y,4/1/2048,7/4/2014,1,1
400078114,Emp330,Permanent,Customer Service,7,7,Karachi,Pakistan,"Karachi, Pakistan",PK,M,4/12/1985,4/2/2014,4,Apr,Q2,2014,7/2/2014,Y,4/12/2045,7/2/2014,1,1
400078116,Emp331,Permanent,Finance,L,L,Karachi,Pakistan,"Karachi, Pakistan",PK,M,6/25/1990,5/14/2014,5,May,Q2,2014,8/14/2014,Y,6/25/2050,8/14/2014,1,1
400078119,Emp332,Permanent,Operations,6,6,Karachi,Pakistan,"Karachi, Pakistan",PK,M,1/1/1985,5/5/2014,5,May,Q2,2014,8/5/2014,Y,1/1/2045,8/5/2014,1,1
400078120,Emp333,Permanent,Human Resource,J,J,Lahore,Pakistan,"Lahore, Pakistan",PK,M,12/22/1977,5/21/2014,5,May,Q2,2014,8/21/2014,Y,12/22/2037,8/21/2014,1,1
400078122,Emp334,Permanent,Operations,L,L,Sialkot,Pakistan,"Sialkot, Pakistan",PK,M,7/15/1975,5/21/2014,5,May,Q2,2014,8/21/2014,Y,7/15/2035,8/21/2014,1,1
400078127,Emp335,Permanent,Information Services,9,9,Karachi,Pakistan,"Karachi, Pakistan",PK,M,3/6/1986,6/1/2014,6,Jun,Q2,2014,9/1/2014,Y,3/6/2046,9/1/2014,1,1
400078128,Emp336,Permanent,Operations,7,7,Lahore,Pakistan,"Lahore, Pakistan",PK,M,5/15/1990,4/28/2014,4,Apr,Q2,2014,7/28/2014,Y,5/15/2050,7/28/2014,1,1
400078129,Emp337,Permanent,Operations,6,6,Lahore,Pakistan,"Lahore, Pakistan",PK,M,9/1/1988,4/17/2014,4,Apr,Q2,2014,7/17/2014,Y,9/1/2048,7/17/2014,1,1
400078130,Emp338,Permanent,Operations,6,6,Karachi,Pakistan,"Karachi, Pakistan",PK,M,10/12/1989,6/9/2014,6,Jun,Q2,2014,9/9/2014,Y,10/12/2049,9/9/2014,1,1
400078131,Emp339,Permanent,Commercial,7,7,Islamabad,Pakistan,"Islamabad, Pakistan",PK,M,2/9/1989,6/19/2014,6,Jun,Q2,2014,9/19/2014,Y,2/9/2049,9/19/2014,1,1
400078136,Emp340,Permanent,Finance,8,8,Multan,Pakistan,"Multan, Pakistan",PK,M,1/22/1987,7/2/2014,7,Jul,Q3,2014,10/2/2014,Y,1/22/2047,10/2/2014,1,1
400078139,Emp341,Permanent,Operations,7,7,Lahore,Pakistan,"Lahore, Pakistan",PK,M,3/1/1987,7/2/2014,7,Jul,Q3,2014,6/2/1999,Y,3/1/2047,6/2/1999,1,1
400078142,Emp342,Permanent,Operations,5,5,Karachi,Pakistan,"Karachi, Pakistan",PK,M,1/23/1992,7/16/2014,7,Jul,Q3,2014,10/16/2014,Y,1/23/2052,10/16/2014,1,1
400078144,Emp343,Permanent,Commercial,7,7,Karachi,Pakistan,"Karachi, Pakistan",PK,M,10/15/1984,8/5/2014,8,Aug,Q3,2014,11/5/2014,Y,10/15/2044,11/5/2014,1,1
400078145,Emp344,Permanent,Operations,6,6,Karachi,Pakistan,"Karachi, Pakistan",PK,M,10/4/1989,8/5/2014,8,Aug,Q3,2014,11/5/2014,Y,10/4/2049,11/5/2014,1,1
400078150,Emp345,Permanent,General Management,8,8,Karachi,Pakistan,"Karachi, Pakistan",PK,F,6/14/1993,9/11/2014,9,Sep,Q3,2014,12/11/2014,Y,6/14/2053,12/11/2014,1,1
400078152,Emp346,Permanent,Operations,6,6,Gujranwala,Pakistan,"Gujranwala, Pakistan",PK,M,1/11/1987,9/23/2014,9,Sep,Q3,2014,12/23/2014,Y,1/11/2047,12/23/2014,1,1
400078153,Emp347,Permanent,Operations,6,6,Lahore,Pakistan,"Lahore, Pakistan",PK,M,12/16/1993,9/23/2014,9,Sep,Q3,2014,12/23/2014,Y,12/16/2053,12/23/2014,1,1
400078156,Emp348,Permanent,Customer Service,8,8,Karachi,Pakistan,"Karachi, Pakistan",PK,M,6/29/1989,11/1/2014,11,Nov,Q4,2014,2/1/2015,Y,6/29/2049,2/1/2015,1,1
400078157,Emp349,Permanent,Operations,6,6,Karachi,Pakistan,"Karachi, Pakistan",PK,M,6/22/1989,11/6/2014,11,Nov,Q4,2014,2/6/2015,Y,6/22/2049,2/6/2015,1,1
400078161,Emp350,Permanent,Operations,6,6,Karachi,Pakistan,"Karachi, Pakistan",PK,M,12/1/1990,12/16/2014,12,Dec,Q4,2014,3/1/2015,Y,12/1/2050,3/1/2015,1,1
400078162,Emp351,Permanent,Operations,10,10,Lahore,Pakistan,"Lahore, Pakistan",PK,M,7/4/1988,12/1/2014,12,Dec,Q4,2014,3/1/2014,Y,7/4/2048,3/1/2014,1,1
400078163,Emp352,Permanent,Operations,6,6,Karachi,Pakistan,"Karachi, Pakistan",PK,M,11/5/1991,12/15/2014,12,Dec,Q4,2014,3/15/2014,Y,11/5/2051,3/15/2014,1,1
400078164,Emp353,Permanent,Operations,5,5,Sialkot,Pakistan,"Sialkot, Pakistan",PK,M,7/10/1990,12/15/2014,12,Dec,Q4,2014,3/15/2014,Y,7/10/2050,3/15/2014,1,1
400078165,Emp354,Permanent,Customer Service,7,7,Karachi,Pakistan,"Karachi, Pakistan",PK,M,7/8/1988,12/18/2014,12,Dec,Q4,2014,3/18/2015,Y,7/8/2048,3/18/2015,1,1
400078166,Emp355,Permanent,Customer Service,7,7,Karachi,Pakistan,"Karachi, Pakistan",PK,M,2/22/1985,12/18/2014,12,Dec,Q4,2014,3/18/2015,Y,2/22/2045,3/18/2015,1,1
400078167,Emp356,Permanent,Customer Service,7,7,Karachi,Pakistan,"Karachi, Pakistan",PK,F,7/9/1990,12/18/2014,12,Dec,Q4,2014,3/18/2015,Y,7/9/2050,3/18/2015,1,1
400078168,Emp357,Permanent,Commercial,8,8,Karachi,Pakistan,"Karachi, Pakistan",PK,M,1/5/1989,12/24/2014,12,Dec,Q4,2014,3/24/2015,Y,1/5/2049,3/24/2015,1,1
400078169,Emp358,Permanent,Commercial,7,7,Karachi,Pakistan,"Karachi, Pakistan",PK,M,10/10/1990,12/27/2014,12,Dec,Q4,2014,3/27/2015,Y,10/10/2050,3/27/2015,1,1
400078170,Emp359,Permanent,Administration,7,7,Karachi,Pakistan,"Karachi, Pakistan",PK,F,1/22/1992,12/29/2014,12,Dec,Q4,2014,3/29/2015,Y,1/22/2052,3/29/2015,1,1
400078172,Emp360,Permanent,Commercial,L,L,Sialkot,Pakistan,"Sialkot, Pakistan",PK,M,7/21/1975,2/4/2015,2,Feb,Q1,2015,5/4/2015,Y,7/21/2035,5/4/2015,1,1
400078173,Emp361,Permanent,Human Resource,10,10,Karachi,Pakistan,"Karachi, Pakistan",PK,M,1/4/1990,12/31/2014,12,Dec,Q4,2014,3/28/2015,Y,1/4/2050,3/28/2015,1,1
400078174,Emp362,Permanent,Information Services,10,10,Sialkot,Pakistan,"Sialkot, Pakistan",PK,M,4/5/1980,12/31/2014,12,Dec,Q4,2014,3/31/2015,Y,4/5/2040,3/31/2015,1,1
400078175,Emp363,Permanent,Operations,9,9,Karachi,Pakistan,"Karachi, Pakistan",PK,M,12/7/1970,12/31/2014,12,Dec,Q4,2014,3/1/2015,Y,12/7/2030,3/1/2015,1,1
400078177,Emp364,Permanent,Finance,8,8,Karachi,Pakistan,"Karachi, Pakistan",PK,M,2/19/1968,1/19/2015,1,Jan,Q1,2015,4/19/2015,Y,2/19/2028,4/19/2015,1,1
400078179,Emp365,Permanent,Commercial,8,8,Karachi,Pakistan,"Karachi, Pakistan",PK,M,10/28/1987,2/23/2015,2,Feb,Q1,2015,5/23/2015,Y,10/28/2047,5/23/2015,1,1
400078183,Emp366,Permanent,Operations,8,8,Karachi,Pakistan,"Karachi, Pakistan",PK,M,7/29/1989,4/1/2015,4,Apr,Q2,2015,7/1/2015,Y,7/29/2049,7/1/2015,1,1
400078184,Emp367,Permanent,Commercial,K,K,Lahore,Pakistan,"Lahore, Pakistan",PK,M,10/25/1980,4/13/2015,4,Apr,Q2,2015,7/13/2015,Y,10/25/2040,7/13/2015,1,1
400078186,Emp368,Permanent,Operations,6,6,Karachi,Pakistan,"Karachi, Pakistan",PK,M,7/31/1985,4/20/2015,4,Apr,Q2,2015,7/20/2015,Y,7/31/2045,7/20/2015,1,1
400078187,Emp369,Permanent,Commercial,L,L,Sialkot,Pakistan,"Sialkot, Pakistan",PK,M,9/7/1988,4/20/2015,4,Apr,Q2,2015,7/21/2015,Y,9/7/2048,7/21/2015,1,1
400078190,Emp370,Permanent,Commercial,J,J,Karachi,Pakistan,"Karachi, Pakistan",PK,M,3/10/1976,5/2/2015,5,May,Q2,2015,8/2/2015,Y,3/10/2036,8/2/2015,1,1
400078191,Emp371,Permanent,Commercial,L,L,Lahore,Pakistan,"Lahore, Pakistan",PK,M,12/5/1985,5/6/2015,5,May,Q2,2015,8/6/2015,Y,12/5/2045,8/6/2015,1,1
400078194,Emp372,Permanent,Commercial,K,K,Sialkot,Pakistan,"Sialkot, Pakistan",PK,M,5/10/1975,6/1/2015,6,Jun,Q2,2015,9/1/2015,Y,5/10/2035,9/1/2015,1,1
400078196,Emp373,Permanent,Commercial,10,10,Sialkot,Pakistan,"Sialkot, Pakistan",PK,F,2/3/1975,6/10/2015,6,Jun,Q2,2015,9/10/2015,Y,2/3/2035,9/10/2015,1,1
400078197,Emp374,Permanent,Commercial,7,7,Karachi,Pakistan,"Karachi, Pakistan",PK,M,1/20/1988,6/1/2015,6,Jun,Q2,2015,9/1/2015,Y,1/20/2048,9/1/2015,1,1
400078198,Emp375,Permanent,Customer Service,9,9,Karachi,Pakistan,"Karachi, Pakistan",PK,M,7/20/1988,6/1/2015,6,Jun,Q2,2015,9/1/2015,Y,7/20/2048,9/1/2015,1,1
400078200,Emp376,Permanent,Operations,6,6,Karachi,Pakistan,"Karachi, Pakistan",PK,M,4/24/1980,6/18/2015,6,Jun,Q2,2015,3/18/2015,Y,4/24/2040,3/18/2015,1,1
400078201,Emp377,Permanent,Customer Service,8,8,Karachi,Pakistan,"Karachi, Pakistan",PK,F,3/20/1986,6/18/2015,6,Jun,Q2,2015,9/18/2015,Y,3/20/2046,9/18/2015,1,1
400078202,Emp378,Permanent,Customer Service,9,9,Karachi,Pakistan,"Karachi, Pakistan",PK,M,8/3/1992,6/23/2015,6,Jun,Q2,2015,9/23/2015,Y,8/3/2052,9/23/2015,1,1
400078203,Emp379,Permanent,Finance,10,10,Karachi,Pakistan,"Karachi, Pakistan",PK,M,8/14/1987,7/22/2015,7,Jul,Q3,2015,10/22/2015,Y,8/14/2047,10/22/2015,1,1
400078204,Emp380,Permanent,Commercial,7,7,Lahore,Pakistan,"Lahore, Pakistan",PK,M,11/7/1989,7/27/2015,7,Jul,Q3,2015,10/27/2015,Y,11/7/2049,10/27/2015,1,1
400078205,Emp381,Permanent,Commercial,7,7,Karachi,Pakistan,"Karachi, Pakistan",PK,M,12/5/1991,7/27/2015,7,Jul,Q3,2015,10/27/2015,Y,12/5/2051,10/27/2015,1,1
400078206,Emp382,Permanent,Operations,6,6,Peshawar,Pakistan,"Peshawar, Pakistan",PK,M,7/12/1992,7/7/2015,7,Jul,Q3,2015,10/7/2015,Y,7/12/2052,10/7/2015,1,1
400078207,Emp383,Permanent,Operations,5,5,Karachi,Pakistan,"Karachi, Pakistan",PK,M,3/11/1983,7/29/2015,7,Jul,Q3,2015,10/29/2015,Y,3/11/2043,10/29/2015,1,1
400078208,Emp384,Permanent,Commercial,I,I,Karachi,Pakistan,"Karachi, Pakistan",PK,M,12/31/1981,8/17/2015,8,Aug,Q3,2015,11/17/2015,Y,12/31/2041,11/17/2015,1,1
400078209,Emp385,Permanent,Commercial,10,10,Karachi,Pakistan,"Karachi, Pakistan",PK,M,5/21/1981,8/10/2015,8,Aug,Q3,2015,5/10/2015,Y,5/21/2041,5/10/2015,1,1
400078211,Emp386,Permanent,Commercial,7,7,Jhelum,Pakistan,"Jhelum, Pakistan",PK,M,6/15/1989,8/17/2015,8,Aug,Q3,2015,11/17/2015,Y,6/15/2049,11/17/2015,1,1
400078213,Emp387,Permanent,Finance,10,10,Karachi,Pakistan,"Karachi, Pakistan",PK,M,10/23/1991,8/24/2015,8,Aug,Q3,2015,11/24/2015,Y,10/23/2051,11/24/2015,1,1
400078215,Emp388,Permanent,Operations,5,5,Lahore,Pakistan,"Lahore, Pakistan",PK,M,8/14/1991,9/7/2015,9,Sep,Q3,2015,12/7/2015,Y,8/14/2051,12/7/2015,1,1
400078216,Emp389,Permanent,Operations,5,5,Islamabad,Pakistan,"Islamabad, Pakistan",PK,M,7/20/1989,9/17/2015,9,Sep,Q3,2015,12/17/2015,Y,7/20/2049,12/17/2015,1,1
400078217,Emp390,Permanent,Information Services,K,K,Karachi,Pakistan,"Karachi, Pakistan",PK,M,11/4/1987,9/30/2015,9,Sep,Q3,2015,12/30/2015,Y,11/4/2047,12/30/2015,1,1
400078218,Emp391,Permanent,Commercial,G,G,Karachi,Pakistan,"Karachi, Pakistan",PK,M,3/11/1977,11/2/2015,11,Nov,Q4,2015,2/2/2015,Y,3/11/2037,2/2/2015,1,1
400078222,Emp392,Permanent,Customer Service,7,7,Karachi,Pakistan,"Karachi, Pakistan",PK,M,9/15/1981,11/14/2015,11,Nov,Q4,2015,2/14/2016,Y,9/15/2041,2/14/2016,1,1
400078223,Emp393,Permanent,Customer Service,8,8,Karachi,Pakistan,"Karachi, Pakistan",PK,M,3/21/1985,11/14/2015,11,Nov,Q4,2015,2/14/2015,Y,3/21/2045,2/14/2015,1,1
400078226,Emp394,Permanent,Commercial,10,10,Lahore,Pakistan,"Lahore, Pakistan",PK,M,2/11/1992,12/14/2015,12,Dec,Q4,2015,3/14/2015,Y,2/11/2052,3/14/2015,1,1
400078227,Emp395,Permanent,Finance,10,10,Karachi,Pakistan,"Karachi, Pakistan",PK,M,10/10/1984,12/9/2015,12,Dec,Q4,2015,3/9/2016,Y,10/10/2044,3/9/2016,1,1
400078228,Emp396,Permanent,Finance,10,10,Karachi,Pakistan,"Karachi, Pakistan",PK,F,7/29/1987,12/28/2015,12,Dec,Q4,2015,6/28/2016,Y,7/29/2047,6/28/2016,1,1
400078229,Emp397,Permanent,Customer Service,J,J,Karachi,Pakistan,"Karachi, Pakistan",PK,M,6/21/1981,1/4/2016,1,Jan,Q1,2016,4/4/2016,Y,6/21/2041,4/4/2016,1,1
400078233,Emp398,Permanent,Commercial,7,7,Karachi,Pakistan,"Karachi, Pakistan",PK,M,8/20/1984,4/25/2016,4,Apr,Q2,2016,7/25/2016,Y,8/20/2044,7/25/2016,1,1
400078235,Emp399,Permanent,Commercial,7,7,Karachi,Pakistan,"Karachi, Pakistan",PK,M,10/14/1987,4/29/2016,4,Apr,Q2,2016,7/29/2016,Y,10/14/2047,7/29/2016,1,1
400078236,Emp400,Permanent,Operations,5,5,Lahore,Pakistan,"Lahore, Pakistan",PK,M,11/7/1994,5/2/2016,5,May,Q2,2016,8/2/2016,Y,11/7/2054,8/2/2016,1,1
400078237,Emp401,Permanent,Operations,5,5,Lahore,Pakistan,"Lahore, Pakistan",PK,M,1/15/1990,5/2/2016,5,May,Q2,2016,8/2/2016,Y,1/15/2050,8/2/2016,1,1
400078238,Emp402,Permanent,Customer Service,8,8,Karachi,Pakistan,"Karachi, Pakistan",PK,M,5/23/1992,5/16/2016,5,May,Q2,2016,8/16/2016,Y,5/23/2052,8/16/2016,1,1
400078240,Emp403,Permanent,Commercial,10,10,Sialkot,Pakistan,"Sialkot, Pakistan",PK,M,6/4/1989,6/6/2016,6,Jun,Q2,2016,9/6/2016,Y,6/4/2049,9/6/2016,1,1
400078241,Emp404,Permanent,Commercial,7,7,Sialkot,Pakistan,"Sialkot, Pakistan",PK,M,2/2/1991,6/16/2016,6,Jun,Q2,2016,9/15/2016,Y,2/2/2051,9/15/2016,1,1
400078242,Emp405,Permanent,Commercial,L,L,Karachi,Pakistan,"Karachi, Pakistan",PK,M,12/9/1986,7/12/2016,7,Jul,Q3,2016,10/12/2016,Y,12/9/2046,10/12/2016,1,1
400078243,Emp406,Permanent,Information Services,10,10,Karachi,Pakistan,"Karachi, Pakistan",PK,M,11/10/1988,7/20/2016,7,Jul,Q3,2016,10/20/2016,Y,11/10/2048,10/20/2016,1,1
400078244,Emp407,Permanent,Finance,10,10,Karachi,Pakistan,"Karachi, Pakistan",PK,M,11/14/1989,8/3/2016,8,Aug,Q3,2016,11/3/2016,Y,11/14/2049,11/3/2016,1,1
400078245,Emp408,Permanent,Commercial,7,7,Lahore,Pakistan,"Lahore, Pakistan",PK,M,1/30/1989,8/5/2016,8,Aug,Q3,2016,11/5/2016,Y,1/30/2049,11/5/2016,1,1
400078246,Emp409,Permanent,Finance,G,G,Karachi,Pakistan,"Karachi, Pakistan",PK,M,5/3/1981,8/25/2016,8,Aug,Q3,2016,11/25/2016,Y,5/3/2041,11/25/2016,1,1
400078248,Emp410,Permanent,Finance,8,8,Karachi,Pakistan,"Karachi, Pakistan",PK,M,7/27/1989,9/1/2016,9,Sep,Q3,2016,12/1/2016,Y,7/27/2049,12/1/2016,1,1
400078249,Emp411,Permanent,Operations,5,5,Faisalabad,Pakistan,"Faisalabad, Pakistan",PK,M,12/16/1989,9/1/2016,9,Sep,Q3,2016,12/1/2016,Y,12/16/2049,12/1/2016,1,1
400078250,Emp412,Permanent,Commercial,7,7,Lahore,Pakistan,"Lahore, Pakistan",PK,M,11/14/1988,9/3/2016,9,Sep,Q3,2016,12/3/2016,Y,11/14/2048,12/3/2016,1,1
400078251,Emp413,Permanent,Customer Service,7,7,Karachi,Pakistan,"Karachi, Pakistan",PK,M,3/25/1985,9/1/2016,9,Sep,Q3,2016,12/1/2016,Y,3/25/2045,12/1/2016,1,1
400078252,Emp414,Permanent,Commercial,7,7,Islamabad,Pakistan,"Islamabad, Pakistan",PK,M,6/21/1988,9/26/2016,9,Sep,Q3,2016,12/26/2016,Y,6/21/2048,12/26/2016,1,1
400078254,Emp415,Permanent,Commercial,8,8,Karachi,Pakistan,"Karachi, Pakistan",PK,M,3/10/1991,10/1/2016,10,Oct,Q4,2016,1/1/2016,Y,3/10/2051,1/1/2016,1,1
400078257,Emp416,Permanent,Commercial,9,9,Karachi,Pakistan,"Karachi, Pakistan",PK,M,4/12/1988,11/9/2016,11,Nov,Q4,2016,2/9/2017,Y,4/12/2048,2/9/2017,1,1
400078258,Emp417,Permanent,Operations,6,6,Karachi,Pakistan,"Karachi, Pakistan",PK,M,7/13/1990,11/16/2016,11,Nov,Q4,2016,2/16/2017,Y,7/13/2050,2/16/2017,1,1
400078259,Emp418,Permanent,Commercial,10,10,Karachi,Pakistan,"Karachi, Pakistan",PK,M,4/16/1986,11/18/2016,11,Nov,Q4,2016,2/17/2017,Y,4/16/2046,2/17/2017,1,1
400078261,Emp419,Permanent,Operations,6,6,Karachi,Pakistan,"Karachi, Pakistan",PK,M,3/13/1987,12/1/2016,12,Dec,Q4,2016,3/1/2017,Y,3/13/2047,3/1/2017,1,1
400078264,Emp420,Permanent,Operations,6,6,Sialkot,Pakistan,"Sialkot, Pakistan",PK,M,8/17/1987,12/9/2016,12,Dec,Q4,2016,5/9/2017,Y,8/17/2047,5/9/2017,1,1
400078266,Emp421,Permanent,Operations,6,6,Karachi,Pakistan,"Karachi, Pakistan",PK,M,12/22/1993,12/27/2016,12,Dec,Q4,2016,3/26/2017,Y,12/22/2053,3/26/2017,1,1
400078269,Emp422,Permanent,Operations,5,Part Time,Karachi,Pakistan,"Karachi, Pakistan",PK,M,12/20/1988,12/27/2016,12,Dec,Q4,2016,3/26/2017,Y,12/20/2048,3/26/2017,0.5,1
400078270,Emp423,Permanent,Operations,5,Part Time,Karachi,Pakistan,"Karachi, Pakistan",PK,M,1/11/1990,12/27/2016,12,Dec,Q4,2016,3/26/2017,Y,1/11/2050,3/26/2017,0.5,1
400078271,Emp424,Permanent,Finance,8,8,Karachi,Pakistan,"Karachi, Pakistan",PK,M,12/14/1992,1/3/2017,1,Jan,Q1,2017,4/9/2017,Y,12/14/2052,4/9/2017,1,1
400078272,Emp425,Permanent,Operations,5,Part Time,Karachi,Pakistan,"Karachi, Pakistan",PK,M,8/4/1985,1/27/2017,1,Jan,Q1,2017,4/28/2017,Y,8/4/2045,4/28/2017,0.5,1
400078273,Emp426,Permanent,Finance,8,8,Karachi,Pakistan,"Karachi, Pakistan",PK,M,8/14/1987,2/14/2017,2,Feb,Q1,2017,5/17/2017,Y,8/14/2047,5/17/2017,1,1
400078274,Emp427,Permanent,Customer Service,7,7,Karachi,Pakistan,"Karachi, Pakistan",PK,F,1/28/1981,2/15/2017,2,Feb,Q1,2017,5/15/2017,Y,1/28/2041,5/15/2017,1,1
400078275,Emp428,Permanent,Commercial,9,9,Karachi,Pakistan,"Karachi, Pakistan",PK,M,8/1/1992,2/15/2017,2,Feb,Q1,2017,5/14/2017,Y,8/1/2052,5/14/2017,1,1
400078276,Emp429,Permanent,Operations,6,6,Karachi,Pakistan,"Karachi, Pakistan",PK,M,4/1/1985,2/13/2017,2,Feb,Q1,2017,5/13/2017,Y,4/1/2045,5/13/2017,1,1
400078277,Emp430,Permanent,Operations,6,6,Karachi,Pakistan,"Karachi, Pakistan",PK,M,6/16/1993,2/13/2017,2,Feb,Q1,2017,5/13/2017,Y,6/16/2053,5/13/2017,1,1
400078278,Emp431,Permanent,Finance,I,I,Karachi,Pakistan,"Karachi, Pakistan",PK,M,6/28/1982,3/2/2017,3,Mar,Q1,2017,9/7/2017,Y,6/28/2042,9/7/2017,1,1
400078279,Emp432,Permanent,Commercial,10,10,Karachi,Pakistan,"Karachi, Pakistan",PK,M,5/25/1982,3/6/2017,3,Mar,Q1,2017,6/5/2017,Y,5/25/2042,6/5/2017,1,1
400078280,Emp433,Permanent,Operations,7,7,Islamabad,Pakistan,"Islamabad, Pakistan",PK,M,5/24/1992,3/6/2017,3,Mar,Q1,2017,6/6/2017,Y,5/24/2052,6/6/2017,1,1
400078281,Emp434,Permanent,Commercial,7,7,Karachi,Pakistan,"Karachi, Pakistan",PK,M,11/17/1994,3/15/2017,3,Mar,Q1,2017,9/14/2017,Y,11/17/2054,9/14/2017,1,1
400078282,Emp435,Permanent,Human Resource,10,10,Karachi,Pakistan,"Karachi, Pakistan",PK,M,12/14/1989,3/14/2017,3,Mar,Q1,2017,6/13/2017,Y,12/14/2049,6/13/2017,1,1
400078283,Emp436,Permanent,Commercial,7,7,Jhelum,Pakistan,"Jhelum, Pakistan",PK,M,7/20/1984,3/28/2017,3,Mar,Q1,2017,6/28/2017,Y,7/20/2044,6/28/2017,1,1
400078285,Emp437,Permanent,Operations,J,J,Lahore,Pakistan,"Lahore, Pakistan",PK,M,5/1/1988,4/3/2017,4,Apr,Q2,2017,7/3/2017,Y,5/1/2048,7/3/2017,1,1
400078286,Emp438,Permanent,Operations,5,Part Time,Lahore,Pakistan,"Lahore, Pakistan",PK,M,9/6/1993,4/3/2017,4,Apr,Q2,2017,7/3/2017,Y,9/6/2053,7/3/2017,0.5,1
400078288,Emp439,Permanent,Commercial,10,10,Karachi,Pakistan,"Karachi, Pakistan",PK,M,2/12/1985,4/10/2017,4,Apr,Q2,2017,7/6/2017,Y,2/12/2045,7/6/2017,1,1
400078289,Emp440,Permanent,Operations,5,Part Time,Lahore,Pakistan,"Lahore, Pakistan",PK,M,6/1/1993,4/17/2017,4,Apr,Q2,2017,7/17/2017,Y,6/1/2053,7/17/2017,0.5,1
400078291,Emp441,Permanent,Operations,5,5,Lahore,Pakistan,"Lahore, Pakistan",PK,M,4/9/1994,4/24/2017,4,Apr,Q2,2017,7/24/2017,Y,4/9/2054,7/24/2017,1,1
400078292,Emp442,Permanent,Administration,8,8,Karachi,Pakistan,"Karachi, Pakistan",PK,M,2/15/1986,5/2/2017,5,May,Q2,2017,8/2/2017,Y,2/15/2046,8/2/2017,1,1
400078293,Emp443,Permanent,Commercial,7,7,Sialkot,Pakistan,"Sialkot, Pakistan",PK,M,12/6/1985,5/8/2017,5,May,Q2,2017,8/7/2017,Y,12/6/2045,8/7/2017,1,1
400078294,Emp444,Permanent,Customer Service,10,10,Karachi,Pakistan,"Karachi, Pakistan",PK,M,5/1/1991,5/17/2017,5,May,Q2,2017,8/16/2017,Y,5/1/2051,8/16/2017,1,1
400078295,Emp445,Permanent,Operations,6,6,Lahore,Pakistan,"Lahore, Pakistan",PK,M,1/10/1990,6/19/2017,6,Jun,Q2,2017,9/19/2017,Y,1/10/2050,9/19/2017,1,1
400078297,Emp446,Permanent,Operations,6,6,Lahore,Pakistan,"Lahore, Pakistan",PK,M,5/9/1990,7/10/2017,7,Jul,Q3,2017,7/10/2018,Y,5/9/2050,7/10/2017,1,1
400078298,Emp447,Permanent,Commercial,10,10,Karachi,Pakistan,"Karachi, Pakistan",PK,M,8/25/1988,7/19/2017,7,Jul,Q3,2017,10/19/2017,Y,8/25/2048,10/19/2017,1,1
400078299,Emp448,Permanent,Human Resource,K,K,Karachi,Pakistan,"Karachi, Pakistan",PK,F,11/25/1988,7/19/2017,7,Jul,Q3,2017,10/18/2017,Y,11/25/2048,10/18/2017,1,1
400078301,Emp449,Permanent,Operations,6,6,Islamabad,Pakistan,"Islamabad, Pakistan",PK,M,8/29/1996,7/24/2017,7,Jul,Q3,2017,10/24/2017,Y,8/29/2056,10/24/2017,1,1
400078302,Emp450,Permanent,Commercial,7,7,Lahore,Pakistan,"Lahore, Pakistan",PK,M,2/9/1991,7/24/2017,7,Jul,Q3,2017,10/24/2017,Y,2/9/2051,10/24/2017,1,1
400078305,Emp451,Permanent,Commercial,7,7,Lahore,Pakistan,"Lahore, Pakistan",PK,M,9/18/1978,8/29/2017,8,Aug,Q3,2017,2/28/2018,Y,9/18/2038,11/28/2017,1,1
400500875,Emp452,Permanent,Customer Service,7,7,Karachi,Pakistan,"Karachi, Pakistan",PK,M,12/16/1993,9/1/2017,9,Sep,Q3,2017,11/30/2017,Y,12/16/2053,11/30/2017,1,1
400500913,Emp453,Permanent,Customer Service,7,7,Karachi,Pakistan,"Karachi, Pakistan",PK,M,7/17/1990,9/1/2017,9,Sep,Q3,2017,11/30/2017,Y,7/17/2050,11/30/2017,1,1
400500918,Emp454,Permanent,Customer Service,L,L,Karachi,Pakistan,"Karachi, Pakistan",PK,M,8/28/1980,9/20/2017,9,Sep,Q3,2017,12/20/2017,Y,8/28/2040,12/20/2017,1,1
400501053,Emp455,Permanent,Customer Service,7,7,Karachi,Pakistan,"Karachi, Pakistan",PK,F,9/17/1991,9/20/2017,9,Sep,Q3,2017,12/19/2017,Y,9/17/2051,12/19/2017,1,1
400503368,Emp456,Permanent,Operations,6,6,Islamabad,Pakistan,"Islamabad, Pakistan",PK,M,4/14/1986,10/16/2017,10,Oct,Q4,2017,1/16/2018,Y,4/14/2046,1/16/2018,1,1
400503620,Emp457,Permanent,Operations,5,Part Time,Lahore,Pakistan,"Lahore, Pakistan",PK,M,10/25/1995,10/27/2017,10,Oct,Q4,2017,1/27/2018,Y,10/25/2055,1/27/2018,0.5,1
400503634,Emp458,Permanent,Commercial,10,10,Sialkot,Pakistan,"Sialkot, Pakistan",PK,M,2/8/1988,11/6/2017,11,Nov,Q4,2017,2/5/2018,Y,2/8/2048,2/5/2018,1,1
400503717,Emp459,Permanent,Customer Service,7,7,Karachi,Pakistan,"Karachi, Pakistan",PK,F,4/24/1993,12/1/2017,12,Dec,Q4,2017,2/28/2018,Y,4/24/2053,2/28/2018,1,1
400503719,Emp460,Permanent,Operations,6,6,Karachi,Pakistan,"Karachi, Pakistan",PK,M,7/21/1996,12/7/2017,12,Dec,Q4,2017,3/7/2018,Y,7/21/2059,3/7/2018,1,1
400503722,Emp461,Permanent,Operations,5,5,Karachi,Pakistan,"Karachi, Pakistan",PK,M,8/27/1989,12/7/2017,12,Dec,Q4,2017,3/7/2018,Y,8/27/2049,3/7/2018,1,1
400503723,Emp462,Permanent,Operations,5,5,Karachi,Pakistan,"Karachi, Pakistan",PK,M,7/6/1996,12/7/2017,12,Dec,Q4,2017,3/7/2018,Y,7/6/2056,3/7/2018,1,1
400503724,Emp463,Permanent,Operations,6,6,Karachi,Pakistan,"Karachi, Pakistan",PK,M,1/10/1984,12/7/2017,12,Dec,Q4,2017,3/7/2018,Y,1/10/2044,3/7/2018,1,1
400503949,Emp464,Permanent,Operations,5,Part Time,Karachi,Pakistan,"Karachi, Pakistan",PK,M,12/2/1996,1/4/2018,1,Jan,Q1,2018,4/4/2018,Y,12/2/2056,4/3/2018,0.5,1
400504646,Emp465,Permanent,Operations,5,Part Time,Sialkot,Pakistan,"Sialkot, Pakistan",PK,M,1/1/1993,12/1/2017,12,Dec,Q4,2017,3/1/2018,Y,1/1/2053,3/1/2018,0.5,1
400504647,Emp466,Permanent,Operations,5,Part Time,Sialkot,Pakistan,"Sialkot, Pakistan",PK,M,1/1/1985,12/1/2017,12,Dec,Q4,2017,12/1/2017,Y,1/1/2045,12/1/2017,0.5,1
400504648,Emp467,Permanent,Operations,5,Part Time,Sialkot,Pakistan,"Sialkot, Pakistan",PK,M,6/22/1991,12/1/2017,12,Dec,Q4,2017,3/1/2018,Y,6/22/2051,3/1/2018,0.5,1
400504649,Emp468,Permanent,First Choice,J,J,Karachi,Pakistan,"Karachi, Pakistan",PK,M,7/2/1975,2/12/2018,2,Feb,Q1,2018,5/12/2018,Y,7/2/2035,5/12/2018,1,1
400504814,Emp469,Permanent,Operations,6,6,Karachi,Pakistan,"Karachi, Pakistan",PK,M,8/15/1991,12/1/2017,12,Dec,Q4,2017,3/1/2018,Y,8/15/2051,3/1/2018,1,1
400504815,Emp470,Permanent,Operations,6,6,Karachi,Pakistan,"Karachi, Pakistan",PK,M,2/15/1984,12/1/2017,12,Dec,Q4,2017,3/1/2018,Y,2/15/2044,3/1/2018,1,1
400504816,Emp471,Permanent,Operations,6,6,Karachi,Pakistan,"Karachi, Pakistan",PK,M,11/10/1988,12/1/2017,12,Dec,Q4,2017,3/1/2018,Y,11/10/2048,3/1/2018,1,1
400504817,Emp472,Permanent,Operations,7,7,Karachi,Pakistan,"Karachi, Pakistan",PK,M,5/16/1987,12/1/2017,12,Dec,Q4,2017,3/1/2018,Y,5/16/2047,3/1/2018,1,1
400504818,Emp473,Permanent,Commercial,7,7,Karachi,Pakistan,"Karachi, Pakistan",PK,M,8/31/1987,12/1/2017,12,Dec,Q4,2017,3/1/2018,Y,8/31/2047,3/1/2018,1,1
400504836,Emp474,Permanent,Operations,5,Part Time,Lahore,Pakistan,"Lahore, Pakistan",PK,M,6/7/1990,12/1/2017,12,Dec,Q4,2017,3/1/2018,Y,6/7/2050,3/1/2018,0.5,1
400504841,Emp475,Permanent,Operations,5,Part Time,Lahore,Pakistan,"Lahore, Pakistan",PK,M,11/17/1996,12/1/2017,12,Dec,Q4,2017,3/1/2018,Y,11/17/2056,3/1/2018,0.5,1
400504844,Emp476,Permanent,Operations,5,Part Time,Lahore,Pakistan,"Lahore, Pakistan",PK,M,11/7/1995,12/1/2017,12,Dec,Q4,2017,3/1/2018,Y,11/7/2055,3/1/2018,0.5,1
400504847,Emp477,Permanent,Operations,6,Part Time,Faisalabad,Pakistan,"Faisalabad, Pakistan",PK,M,8/21/1994,12/1/2017,12,Dec,Q4,2017,3/1/2018,Y,8/21/2054,3/1/2018,0.5,1
400504848,Emp478,Permanent,Operations,5,5,Lahore,Pakistan,"Lahore, Pakistan",PK,M,4/10/1988,12/1/2017,12,Dec,Q4,2017,3/1/2018,Y,4/10/2048,3/1/2018,1,1
400504850,Emp479,Permanent,Operations,5,Part Time,Lahore,Pakistan,"Lahore, Pakistan",PK,M,5/5/1995,12/1/2017,12,Dec,Q4,2017,3/1/2018,Y,5/5/2055,3/1/2018,0.5,1
400504868,Emp480,Permanent,Operations,5,5,Karachi,Pakistan,"Karachi, Pakistan",PK,M,9/7/1990,12/27/2017,12,Dec,Q4,2017,3/27/2018,Y,9/7/2050,12/27/2017,1,1
400504874,Emp481,Permanent,Commercial,9,9,Lahore,Pakistan,"Lahore, Pakistan",PK,M,10/3/1985,1/1/2018,1,Jan,Q1,2018,4/1/2018,Y,10/3/2045,3/31/2018,1,1
400504879,Emp482,Permanent,Operations,6,Part Time,Sialkot,Pakistan,"Sialkot, Pakistan",PK,M,10/20/1992,1/4/2018,1,Jan,Q1,2018,4/4/2018,Y,10/20/2052,4/3/2018,0.5,1
400504880,Emp483,Permanent,Operations,6,Part Time,Sialkot,Pakistan,"Sialkot, Pakistan",PK,M,12/30/1992,1/4/2018,1,Jan,Q1,2018,4/4/2018,Y,12/30/2052,4/4/2018,0.5,1
400504906,Emp484,Permanent,Commercial,7,7,Faisalabad,Pakistan,"Faisalabad, Pakistan",PK,M,11/23/1982,1/4/2018,1,Jan,Q1,2018,4/4/2018,Y,11/23/2042,4/4/2018,1,1
400504907,Emp485,Permanent,Commercial,7,7,Lahore,Pakistan,"Lahore, Pakistan",PK,M,3/13/1993,1/10/2018,1,Jan,Q1,2018,4/10/2018,Y,3/13/2053,4/10/2018,1,1
400504908,Emp486,Permanent,Operations,5,5,Sialkot,Pakistan,"Sialkot, Pakistan",PK,M,2/1/1982,12/1/2017,12,Dec,Q4,2017,3/1/2018,Y,2/1/2042,3/1/2018,1,1
400504912,Emp487,Permanent,Operations,6,6,Gujranwala,Pakistan,"Gujranwala, Pakistan",PK,M,8/6/1987,1/30/2018,1,Jan,Q1,2018,4/30/2018,Y,8/6/2047,4/28/2018,1,1
400504916,Emp488,Permanent,Marketing,9,9,Karachi,Pakistan,"Karachi, Pakistan",PK,M,10/5/1986,2/1/2018,2,Feb,Q1,2018,1/1/1900,N,10/5/2046,5/1/2018,1,1
400504941,Emp489,Permanent,Operations,5,Part Time,Sialkot,Pakistan,"Sialkot, Pakistan",PK,M,6/28/1999,2/12/2018,2,Feb,Q1,2018,5/12/2018,Y,6/28/2059,5/12/2018,0.5,1
400504948,Emp490,Permanent,Finance,8,8,Karachi,Pakistan,"Karachi, Pakistan",PK,M,12/11/1991,2/12/2018,2,Feb,Q1,2018,5/12/2018,Y,12/11/2051,5/12/2018,1,1
400504950,Emp491,Permanent,Commercial,7,7,Faisalabad,Pakistan,"Faisalabad, Pakistan",PK,M,1/27/1994,2/6/2018,2,Feb,Q1,2018,6/6/2018,Y,1/27/2054,6/6/2018,1,1
400504951,Emp492,Permanent,Commercial,7,7,Lahore,Pakistan,"Lahore, Pakistan",PK,M,7/13/1991,2/6/2018,2,Feb,Q1,2018,6/6/2018,Y,7/13/2051,5/6/2018,1,1
400504952,Emp493,Permanent,Operations,7,Part Time,Gujranwala,Pakistan,"Gujranwala, Pakistan",PK,M,9/13/1994,1/30/2018,1,Jan,Q1,2018,4/30/2018,Y,9/13/2054,4/28/2018,0.5,1
400504955,Emp494,Permanent,Commercial,7,7,Peshawar,Pakistan,"Peshawar, Pakistan",PK,M,6/17/1994,11/27/2017,11,Nov,Q4,2017,2/27/2018,Y,6/17/2054,2/27/2018,1,1
400504958,Emp495,Permanent,Operations,5,5,Lahore,Pakistan,"Lahore, Pakistan",PK,M,3/4/1993,11/28/2017,11,Nov,Q4,2017,11/28/2017,Y,3/4/2053,11/28/2017,1,1
400504959,Emp496,Permanent,Operations,7,Part Time,Lahore,Pakistan,"Lahore, Pakistan",PK,M,9/10/1987,11/28/2017,11,Nov,Q4,2017,2/28/2018,Y,9/10/2047,2/28/2018,0.5,1
400510543,Emp497,Permanent,Operations,5,Part Time,Lahore,Pakistan,"Lahore, Pakistan",PK,M,10/26/1997,6/1/2018,6,Jun,Q2,2018,1/1/1900,N,7/19/2076,8/30/2018,0.5,1
400510544,Emp498,Permanent,Operations,5,Part Time,Lahore,Pakistan,"Lahore, Pakistan",PK,M,10/25/1990,6/1/2018,6,Jun,Q2,2018,1/1/1900,N,7/19/2076,8/30/2018,0.5,1
400510545,Emp499,Permanent,Operations,5,Part Time,Lahore,Pakistan,"Lahore, Pakistan",PK,M,7/7/1997,6/1/2018,6,Jun,Q2,2018,1/1/1900,N,7/19/2076,8/30/2018,0.5,1
400510546,Emp500,Permanent,Operations,5,Part Time,Lahore,Pakistan,"Lahore, Pakistan",PK,M,4/14/1992,6/1/2018,6,Jun,Q2,2018,9/1/2018,Y,3/31/2050,8/30/2018,0.5,1
400510547,Emp501,Permanent,Commercial,L,L,Karachi,Pakistan,"Karachi, Pakistan",PK,M,9/22/1990,4/23/2018,4,Apr,Q2,2018,7/23/2018,Y,9/21/2048,7/23/2018,1,1
400510548,Emp502,Permanent,Commercial,10,10,Sialkot,Pakistan,"Sialkot, Pakistan",PK,M,8/22/1981,6/5/2018,6,Jun,Q2,2018,9/5/2018,Y,3/31/2050,9/3/2018,1,1
400510549,Emp503,Permanent,Commercial,L,L,Karachi,Pakistan,"Karachi, Pakistan",PK,M,10/7/1989,6/8/2018,6,Jun,Q2,2018,9/8/2018,Y,3/31/2050,9/6/2018,1,1
400510550,Emp504,Permanent,Operations,6,6,Lahore,Pakistan,"Lahore, Pakistan",PK,M,8/6/1991,4/20/2018,4,Apr,Q2,2018,1/1/1900,N,8/5/2049,7/20/2018,1,1
400510551,Emp505,Permanent,Operations,6,6,Lahore,Pakistan,"Lahore, Pakistan",PK,M,1/16/1995,4/20/2018,4,Apr,Q2,2018,7/20/2018,Y,1/15/2053,7/20/2018,1,1
400510552,Emp506,Permanent,Commercial,7,Part Time,Karachi,Pakistan,"Karachi, Pakistan",PK,M,7/15/1991,4/30/2018,4,Apr,Q2,2018,7/30/2018,Y,7/30/2076,7/29/2018,0.5,1
400510553,Emp507,Permanent,Commercial,7,7,Lahore,Pakistan,"Lahore, Pakistan",PK,M,1/1/1992,5/14/2018,5,May,Q2,2018,8/14/2018,Y,7/19/2076,8/12/2018,1,1
400511103,Emp508,Permanent,First Choice,9,9,Karachi,Pakistan,"Karachi, Pakistan",PK,M,8/5/1991,4/23/2018,4,Apr,Q2,2018,7/23/2018,Y,8/4/2049,7/23/2018,1,1
400511104,Emp509,Permanent,Commercial,7,Part Time,Karachi,Pakistan,"Karachi, Pakistan",PK,M,9/15/1996,4/19/2018,4,Apr,Q2,2018,7/19/2018,Y,9/14/2054,7/19/2018,0.5,1
400511215,Emp510,Permanent,Operations,5,Part Time,Karachi,Pakistan,"Karachi, Pakistan",PK,M,1/17/1994,4/19/2018,4,Apr,Q2,2018,7/19/2018,Y,1/16/2052,7/19/2018,0.5,1
400511216,Emp511,Permanent,Commercial,7,Part Time,Karachi,Pakistan,"Karachi, Pakistan",PK,M,2/20/1992,4/19/2018,4,Apr,Q2,2018,7/19/2018,Y,7/30/2076,7/18/2018,0.5,1
400511217,Emp512,Permanent,Commercial,7,Part Time,Karachi,Pakistan,"Karachi, Pakistan",PK,M,8/25/1999,4/19/2018,4,Apr,Q2,2018,7/19/2018,Y,8/24/2057,4/19/2018,0.5,1
400511219,Emp513,Permanent,Operations,5,Part Time,Lahore,Pakistan,"Lahore, Pakistan",PK,M,10/16/1998,2/19/2018,2,Feb,Q1,2018,1/1/1900,N,10/15/2056,5/19/2018,0.5,1
400511289,Emp514,Permanent,Operations,6,6,Karachi,Pakistan,"Karachi, Pakistan",PK,M,3/1/1990,3/9/2018,3,Mar,Q1,2018,6/9/2018,Y,2/29/2048,6/9/2018,1,1
400511303,Emp515,Permanent,Administration,8,8,Karachi,Pakistan,"Karachi, Pakistan",PK,M,8/15/1984,2/1/2018,2,Feb,Q1,2018,5/1/2018,Y,8/14/2042,5/1/2018,1,1
400511357,Emp516,Permanent,Commercial,7,Part Time,Karachi,Pakistan,"Karachi, Pakistan",PK,M,7/1/1998,4/19/2018,4,Apr,Q2,2018,7/19/2018,Y,6/30/2056,6/28/1999,0.5,1
400511466,Emp517,Permanent,Operations,5,Part Time,Karachi,Pakistan,"Karachi, Pakistan",PK,M,8/18/1989,2/22/2018,2,Feb,Q1,2018,5/22/2018,Y,8/17/2047,5/22/2018,0.5,1
400511467,Emp518,Permanent,Commercial,7,Part Time,Karachi,Pakistan,"Karachi, Pakistan",PK,M,9/27/1987,4/19/2018,4,Apr,Q2,2018,7/19/2018,Y,9/26/2045,7/19/2018,0.5,1
400511469,Emp519,Permanent,Finance,8,8,Karachi,Pakistan,"Karachi, Pakistan",PK,M,7/4/1991,4/16/2018,4,Apr,Q2,2018,7/17/2018,Y,7/3/2049,7/17/2018,1,1
400511471,Emp520,Permanent,Operations,5,Part Time,Lahore,Pakistan,"Lahore, Pakistan",PK,M,10/16/1998,2/19/2018,2,Feb,Q1,2018,1/1/1900,N,10/15/2056,5/19/2018,0.5,1
400511472,Emp521,Permanent,Administration,10,10,Sialkot,Pakistan,"Sialkot, Pakistan",PK,M,8/21/1999,3/20/2018,3,Mar,Q1,2018,6/20/2018,Y,8/20/2057,6/20/2018,1,1
400512210,Emp522,Permanent,Commercial,7,7,Gujrat,Pakistan,"Gujrat, Pakistan",PK,M,3/8/1989,7/9/2018,7,Jul,Q3,2018,10/9/2018,Y,7/30/2076,10/7/2018,1,1
400512259,Emp523,Permanent,Commercial,7,7,Lahore,Pakistan,"Lahore, Pakistan",PK,M,11/11/1989,7/9/2018,7,Jul,Q3,2018,10/9/2018,Y,7/30/2076,10/7/2018,1,1
400512264,Emp524,Permanent,Operations,5,5,Karachi,Pakistan,"Karachi, Pakistan",PK,M,8/20/1986,7/13/2018,7,Jul,Q3,2018,1/1/1900,N,7/30/2076,10/11/2018,1,1
400512336,Emp525,Permanent,General Management,10,10,Karachi,Pakistan,"Karachi, Pakistan",PK,M,7/23/2018,5/2/2018,5,May,Q2,2018,8/2/2018,Y,7/22/2076,8/1/2018,1,1
400512340,Emp526,Permanent,Commercial,7,7,Karachi,Pakistan,"Karachi, Pakistan",PK,M,4/1/1992,5/15/2018,5,May,Q2,2018,8/15/2018,Y,3/31/2050,8/13/2018,1,1
400512342,Emp527,Permanent,Finance,8,8,Karachi,Pakistan,"Karachi, Pakistan",PK,M,9/8/1985,7/9/2018,7,Jul,Q3,2018,2/1/2019,Y,7/30/2076,10/7/2018,1,1
400512362,Emp528,Permanent,Commercial,7,7,Karachi,Pakistan,"Karachi, Pakistan",PK,M,12/12/1995,4/19/2018,4,Apr,Q2,2018,7/19/2018,Y,7/30/2076,7/18/2018,1,1
400512368,Emp529,Permanent,Commercial,7,7,Karachi,Pakistan,"Karachi, Pakistan",PK,M,8/1/1963,4/1/2018,4,Apr,Q2,2018,7/1/2018,Y,7/30/2076,6/30/2018,1,1
400512384,Emp530,Permanent,Operations,5,Part Time,Islamabad,Pakistan,"Islamabad, Pakistan",PK,M,6/9/1995,7/23/2018,7,Jul,Q3,2018,10/23/2018,Y,9/11/2076,10/23/2018,0.5,1
400512402,Emp531,Permanent,Operations,6,6,Karachi,Pakistan,"Karachi, Pakistan",PK,M,9/12/2018,7/23/2018,7,Jul,Q3,2018,10/23/2018,Y,9/11/2076,10/23/2018,1,1
400512404,Emp532,Permanent,Operations,5,Part Time,Islamabad,Pakistan,"Islamabad, Pakistan",PK,M,5/2/1998,7/23/2018,7,Jul,Q3,2018,10/23/2018,Y,5/1/2056,10/23/2018,0.5,1
400512406,Emp533,Permanent,Operations,5,Part Time,Islamabad,Pakistan,"Islamabad, Pakistan",PK,M,5/31/1997,7/23/2018,7,Jul,Q3,2018,10/23/2018,Y,5/1/2056,10/23/2018,0.5,1
400514420,Emp534,Permanent,Customer Service,7,Part Time,Karachi,Pakistan,"Karachi, Pakistan",PK,M,12/21/1993,8/28/2018,8,Aug,Q3,2018,11/28/2018,Y,9/25/2076,11/28/2018,0.5,1
400514494,Emp535,Permanent,Operations,5,Part Time,Sialkot,Pakistan,"Sialkot, Pakistan",PK,M,6/23/1993,8/31/2018,8,Aug,Q3,2018,11/30/2018,Y,9/25/2076,11/30/2018,0.5,1
400514928,Emp536,Permanent,Customer Service,7,Part Time,Karachi,Pakistan,"Karachi, Pakistan",PK,M,4/23/1990,9/1/2018,9,Sep,Q3,2018,12/1/2018,Y,9/25/2076,12/1/2018,0.5,1
400514931,Emp537,Permanent,Customer Service,7,Part Time,Karachi,Pakistan,"Karachi, Pakistan",PK,M,4/24/1987,9/1/2018,9,Sep,Q3,2018,12/1/2018,Y,9/25/2076,12/1/2018,0.5,1
400514932,Emp538,Permanent,Customer Service,7,Part Time,Karachi,Pakistan,"Karachi, Pakistan",PK,M,10/5/1993,9/1/2018,9,Sep,Q3,2018,12/1/2018,Y,9/25/2076,12/1/2018,0.5,1
400514971,Emp539,Permanent,Customer Service,7,Part Time,Karachi,Pakistan,"Karachi, Pakistan",PK,M,3/12/1990,9/1/2018,9,Sep,Q3,2018,12/1/2018,Y,9/25/2076,12/1/2018,0.5,1
400514974,Emp540,Permanent,Customer Service,7,7,Karachi,Pakistan,"Karachi, Pakistan",PK,M,7/15/1989,9/1/2018,9,Sep,Q3,2018,12/1/2018,Y,9/25/2076,11/30/2018,1,1
400514977,Emp541,Permanent,Operations,6,6,Karachi,Pakistan,"Karachi, Pakistan",PK,M,9/1/1984,9/10/2018,9,Sep,Q3,2018,1/1/1900,N,9/25/2076,12/10/2018,1,1
400515647,Emp542,Permanent,Operations,6,6,Lahore,Pakistan,"Lahore, Pakistan",PK,M,3/25/1990,9/14/2018,9,Sep,Q3,2018,1/1/1900,N,9/25/2076,12/14/2018,1,1
400516188,Emp543,Permanent,Finance,J,J,Karachi,Pakistan,"Karachi, Pakistan",PK,M,12/21/1986,10/10/2018,10,Oct,Q4,2018,1/1/1900,N,10/24/2076,1/10/2019,1,1
400516416,Emp544,Permanent,Finance,8,8,Karachi,Pakistan,"Karachi, Pakistan",PK,M,2/16/1997,10/1/2018,10,Oct,Q4,2018,1/1/1900,N,10/24/2076,1/1/2019,1,1
400516418,Emp545,Permanent,Commercial,8,8,Karachi,Pakistan,"Karachi, Pakistan",PK,F,5/29/1992,10/1/2018,10,Oct,Q4,2018,1/1/2019,Y,5/28/2050,1/1/2019,1,1
400517097,Emp546,Permanent,Customer Service,7,Part Time,Karachi,Pakistan,"Karachi, Pakistan",PK,F,8/25/1996,10/9/2018,10,Oct,Q4,2018,1/9/2019,Y,10/24/2076,1/9/2019,0.5,1
400517102,Emp547,Permanent,Customer Service,7,Part Time,Karachi,Pakistan,"Karachi, Pakistan",PK,M,4/21/1992,10/9/2018,10,Oct,Q4,2018,1/9/2019,Y,10/24/2076,1/9/2019,0.5,1
400517758,Emp548,Permanent,Finance,8,8,Lahore,Pakistan,"Lahore, Pakistan",PK,M,10/30/1974,10/22/2018,10,Oct,Q4,2018,1/22/2019,Y,10/24/2076,1/22/2019,1,1
400519107,Emp549,Permanent,Operations,5,5,Islamabad,Pakistan,"Islamabad, Pakistan",PK,M,5/13/1995,10/29/2018,10,Oct,Q4,2018,1/1/1900,N,11/22/2076,1/29/2019,1,1
400519487,Emp550,Permanent,Operations,5,Part Time,Karachi,Pakistan,"Karachi, Pakistan",PK,M,2/24/1997,11/12/2018,11,Nov,Q4,2018,1/1/1900,N,2/23/2055,2/12/2019,0.5,1
400519488,Emp551,Permanent,Commercial,7,Part Time,Karachi,Pakistan,"Karachi, Pakistan",PK,M,8/5/1991,11/1/2018,11,Nov,Q4,2018,1/1/1900,N,2/23/2055,2/1/2019,0.5,1
400519489,Emp552,Permanent,Operations,5,Part Time,Karachi,Pakistan,"Karachi, Pakistan",PK,M,11/10/1997,11/1/2018,11,Nov,Q4,2018,1/1/1900,N,2/23/2055,2/1/2019,0.5,1
400519491,Emp553,Permanent,Operations,5,Part Time,Karachi,Pakistan,"Karachi, Pakistan",PK,M,2/2/1996,11/1/2018,11,Nov,Q4,2018,1/1/1900,N,2/23/2055,2/1/2019,0.5,1
400519492,Emp554,Permanent,Operations,5,Part Time,Karachi,Pakistan,"Karachi, Pakistan",PK,M,1/20/1994,11/1/2018,11,Nov,Q4,2018,1/1/1900,N,2/23/2055,2/1/2019,0.5,1
400519496,Emp555,Permanent,Operations,6,6,Sialkot,Pakistan,"Sialkot, Pakistan",PK,M,2/28/1993,11/12/2018,11,Nov,Q4,2018,1/1/1900,N,2/23/2055,2/12/2019,1,1
400521499,Emp556,Permanent,Operations,6,6,Islamabad,Pakistan,"Islamabad, Pakistan",PK,M,12/24/2018,11/27/2018,11,Nov,Q4,2018,1/1/1900,N,12/23/2076,2/27/2019,1,1
400522596,Emp557,Permanent,Operations,5,Part Time,Lahore,Pakistan,"Lahore, Pakistan",PK,M,12/24/2018,12/11/2018,12,Dec,Q4,2018,1/1/1900,N,12/23/2076,3/11/2019,0.5,1
400522954,Emp558,Permanent,Operations,6,6,Karachi,Pakistan,"Karachi, Pakistan",PK,M,9/17/1993,12/19/2018,12,Dec,Q4,2018,1/1/1900,N,1/10/2051,3/19/2019,1,1
400522958,Emp559,Permanent,Operations,6,6,Lahore,Pakistan,"Lahore, Pakistan",PK,M,1/11/1993,12/19/2018,12,Dec,Q4,2018,1/1/1900,N,1/10/2051,3/19/2019,1,1
400523189,Emp560,Permanent,Operations,5,Part Time,Lahore,Pakistan,"Lahore, Pakistan",PK,M,12/25/1995,12/24/2018,12,Dec,Q4,2018,1/1/1900,N,1/17/2077,3/24/2019,0.5,1
400523293,Emp561,Permanent,Operations,5,Part Time,Karachi,Pakistan,"Karachi, Pakistan",PK,M,1/12/1997,12/31/2018,12,Dec,Q4,2018,1/1/1900,N,1/20/2077,3/31/2019,0.5,1
400525033,Emp562,Permanent,Commercial,7,7,Sialkot,Pakistan,"Sialkot, Pakistan",PK,M,1/13/1991,1/25/2019,1,Jan,Q1,2019,1/1/1900,N,2/7/2077,4/25/2019,1,1
400525513,Emp563,Permanent,Operations,10,10,Karachi,Pakistan,"Karachi, Pakistan",PK,M,7/31/1984,2/6/2019,2,Feb,Q1,2019,1/1/1900,N,2/7/2077,5/6/2019,1,1
